bias,z,aux,curr,lockin-x,lockin-x2,lockin-y,lockin-y2
2000.0,231.0,0.0,0.5116410366449705,2022.3,62.0386,62.8899,-293.168
1996.09,231.0,0.0,0.5165772596142384,1872.69,139.826,453.913,9.83853
1992.18,231.0,0.0,0.514162553942255,1825.06,143.655,525.437,-26.8576
1988.27,231.0,0.0,0.5122666475931621,1827.58,134.538,544.749,47.4617
1984.36,231.0,0.0,0.5078225210404597,1789.69,111.134,512.297,-11.873
1980.45,231.0,0.0,0.5060143528121498,1791.01,105.016,507.963,67.7528
1976.54,231.0,0.0,0.5056881958848913,1768.35,14.0464,499.617,24.6428
1972.63,231.0,0.0,0.51063586295687,1797.31,24.775,511.27,66.6475
1968.72,231.0,0.0,0.506090646830222,1762.71,14.5427,507.721,66.7132
1964.81,231.0,0.0,0.5078950003576282,1743.76,25.3177,518.942,111.91
1960.9,231.0,0.0,0.5118241422883437,1744.62,98.3197,500.081,98.5849
1956.99,231.0,0.0,0.5017018334406218,1738.16,93.7959,491.062,89.1731
1953.08,231.0,0.0,0.5002141000882149,1700.98,212.212,487.779,7.27952
1949.17,231.0,0.0,0.4969220132084019,1682.62,207.484,478.29,33.421
1945.26,231.0,0.0,0.49053429654531144,1640.51,132.076,476.324,-1.10001
1941.35,231.0,0.0,0.4925846982810004,1630.62,84.0702,466.267,1.27358
1937.44,231.0,0.0,0.4901223088477219,1649.81,37.6621,491.695,30.4751
1933.53,231.0,0.0,0.4879231337767923,1603.21,-34.7299,480.453,21.7065
1929.62,231.0,0.0,0.4872536537682092,1628.98,-12.7926,498.006,85.1766
1925.71,231.0,0.0,0.47855232100708106,1600.11,1.8729,485.757,77.5863
1921.8,231.0,0.0,0.4745964761700403,1537.59,78.8968,485.544,100.873
1917.89,231.0,0.0,0.47063490928164414,1506.41,170.164,490.557,101.842
1913.98,231.0,0.0,0.4650711680137329,1511.09,206.16,460.528,37.3105
1910.07,231.0,0.0,0.4657959611854183,1500.13,175.922,464.014,-5.63227
1906.16,231.0,0.0,0.464157547147319,1501.53,134.85,465.317,-48.0106
1902.25,231.0,0.0,0.46398588560665666,1493.12,64.0119,443.705,-101.981
1898.34,231.0,0.0,0.46447035262141473,1466.61,-22.2387,453.568,-23.4116
1894.43,231.0,0.0,0.4644989628781918,1457.14,-38.2177,458.132,-2.27626
1890.52,231.0,0.0,0.4624371170397921,1440.74,-10.1337,479.051,71.9369
1886.61,231.0,0.0,0.4579109744176621,1437.32,47.895,447.249,119.351
1882.7,231.0,0.0,0.45482869608754734,1429.91,104.696,452.993,110.673
1878.79,231.0,0.0,0.4530529528169182,1416.67,204.835,440.794,102.291
1874.88,231.0,0.0,0.45586248003242497,1397.02,171.812,424.217,57.8649
1870.97,231.0,0.0,0.4554295114798655,1397.1,189.814,457.386,1.1883
1867.06,231.0,0.0,0.4548782871992943,1390.44,84.8869,438.859,-52.0574
1863.15,231.0,0.0,0.45145077843740317,1385.03,19.7888,430.738,-42.4768
1859.24,231.0,0.0,0.4467529742746108,1335.0,0.565098,435.557,-55.7604
1855.33,231.0,0.0,0.44026798273847845,1303.28,-39.9067,470.683,20.5486
1851.42,231.0,0.0,0.4381470090360728,1306.77,53.4134,438.465,54.7645
1847.51,231.0,0.0,0.4346107812984288,1302.28,70.123,440.922,111.675
1843.6,231.0,0.0,0.4323906253725294,1282.63,120.039,416.582,92.7401
1839.69,231.0,0.0,0.4348568295067115,1287.62,172.024,400.112,90.1026
1835.78,231.0,0.0,0.4308742817633455,1289.41,187.8,419.398,41.3473
1831.87,231.0,0.0,0.4278835562549174,1247.13,136.658,407.754,-50.8593
1827.96,231.0,0.0,0.4248012779248027,1208.68,69.1535,392.537,-63.4688
1824.05,231.0,0.0,0.42225115037074124,1203.22,-5.06009,411.364,-45.816
1820.14,231.0,0.0,0.41764108432873187,1196.33,23.8243,413.343,35.889
1816.23,231.0,0.0,0.41900865460267506,1191.94,31.9866,397.959,83.0583
1812.32,231.0,0.0,0.41601602174379515,1169.74,74.1885,403.614,106.408
1808.41,231.0,0.0,0.4178318193739122,1195.95,112.307,402.113,114.78
1804.5,231.0,0.0,0.41593209832391576,1179.06,108.962,402.453,76.0062
1800.59,231.0,0.0,0.4183601554490618,1146.89,144.03,404.117,5.05207
1796.68,231.0,0.0,0.4181522542498152,1156.33,93.359,412.294,-41.7942
1792.77,231.0,0.0,0.41166154066232746,1139.93,85.2324,412.359,-75.683
1788.86,231.0,0.0,0.41259614238371123,1120.35,33.7715,405.059,-39.4821
1784.95,231.0,0.0,0.4069809026536013,1116.57,3.491,408.059,3.16615
1781.04,231.0,0.0,0.40666809717950547,1101.3,21.906,395.169,48.6178
1777.13,231.0,0.0,0.40678826025796916,1105.59,62.8752,374.811,121.404
1773.22,231.0,0.0,0.40556755596881483,1109.99,53.9985,390.721,129.5
1769.31,231.0,0.0,0.4030994444841809,1110.83,80.9357,407.502,96.2452
1765.4,231.0,0.0,0.39937820375271205,1077.46,112.462,381.118,6.26155
1761.49,231.0,0.0,0.39578666285196573,1053.52,109.269,381.911,-32.1394
1757.58,231.0,0.0,0.3907779605655294,1022.21,57.6469,364.023,-55.263
1753.67,231.0,0.0,0.38897360703812317,1026.61,40.4948,385.066,-79.5981
1749.76,231.0,0.0,0.3843215792861741,1014.74,30.8871,380.756,-6.75951
1745.85,231.0,0.0,0.38846243711703976,986.318,4.84098,354.708,48.0317
1741.94,231.0,0.0,0.38659514102472403,1007.39,60.9517,371.355,87.062
1738.03,231.0,0.0,0.38675726581312736,1027.31,43.5984,363.677,89.7323
1734.12,231.0,0.0,0.38708151538993396,1027.84,107.36,345.501,67.6768
1730.21,231.0,0.0,0.3834499201296998,1013.57,156.157,362.466,38.9354
1726.3,231.0,0.0,0.37895620246525047,983.813,161.571,385.074,20.0885
1722.39,231.0,0.0,0.38007581718045924,977.901,127.678,368.394,-30.0266
1718.48,231.0,0.0,0.3774474882578738,969.277,81.0307,370.79,-20.2115
1714.57,231.0,0.0,0.37677037884748343,966.593,49.2377,360.0,-56.7577
1710.65,231.0,0.0,0.3809970674486804,982.261,66.5888,372.422,25.031
1706.74,231.0,0.0,0.3790077009274492,969.379,-0.824768,352.85,35.0305
1702.83,231.0,0.0,0.37927663734115347,966.092,46.4301,363.939,117.401
1698.92,231.0,0.0,0.37888944519943735,960.512,71.8911,349.704,104.825
1695.01,231.0,0.0,0.37301862050878576,935.834,117.649,365.309,94.1379
1691.1,231.0,0.0,0.3705772119304771,940.842,142.137,378.172,69.2578
1687.19,231.0,0.0,0.36614834418138903,938.326,125.429,382.093,13.7166
1683.28,231.0,0.0,0.3615230193357652,925.139,99.6706,339.225,-59.9326
1679.37,231.0,0.0,0.36103664497055526,892.153,82.0956,326.278,-90.7517
1675.46,231.0,0.0,0.3598826979472141,902.882,-15.3034,358.809,-82.3515
1671.55,231.0,0.0,0.3592837899053477,891.888,-16.8865,353.497,-54.7496
1667.64,231.0,0.0,0.3591693488782395,873.218,-38.1483,345.459,58.7543
1663.73,231.0,0.0,0.3559058722552035,887.904,-22.164,352.727,89.2513
1659.82,231.0,0.0,0.35281405717282976,874.256,53.6347,354.803,124.596
1655.91,231.0,0.0,0.34950861883985407,839.583,102.073,353.429,106.81
1652.0,231.0,0.0,0.34946665712991437,845.147,170.654,350.016,48.6006
1648.09,231.0,0.0,0.34760508308895405,818.464,160.174,332.176,7.67334
1644.18,231.0,0.0,0.3497107979877453,815.596,136.249,346.879,-73.4758
1640.27,231.0,0.0,0.35143313544572397,823.98,43.7769,342.302,-85.5353
1636.36,231.0,0.0,0.34797892377750755,828.871,2.23279,334.407,-76.8146
1632.45,231.0,0.0,0.34878764036907234,816.776,-52.5586,352.756,-5.92445
1628.54,231.0,0.0,0.3504298691080752,835.618,-14.5431,323.899,85.6988
1624.63,231.0,0.0,0.3441527787711895,819.828,24.4886,323.671,109.502
1620.72,231.0,0.0,0.3464702095701309,799.996,146.621,351.647,117.879
1616.81,231.0,0.0,0.34503015997901915,834.931,163.987,351.352,97.2351
1612.9,231.0,0.0,0.3415378013017667,816.684,211.504,327.833,30.0494
1608.99,231.0,0.0,0.3404487041937868,776.734,159.799,335.59,-57.551
1605.08,231.0,0.0,0.3391288176811387,790.044,138.994,341.632,-78.0595
1601.17,231.0,0.0,0.3363593448251198,781.955,28.0642,341.46,-102.95
1597.26,231.0,0.0,0.33311303435615003,757.449,28.5419,330.224,-17.4467
1593.35,231.0,0.0,0.32982666952769235,733.25,10.0624,311.492,4.28149
1589.44,231.0,0.0,0.32896263977302526,766.356,56.4727,299.212,87.9802
1585.53,231.0,0.0,0.32751496078010633,743.343,68.1361,314.297,90.3452
1581.62,231.0,0.0,0.32872803566745346,735.75,120.349,325.119,128.735
1577.71,231.0,0.0,0.3262618315332713,715.774,144.803,317.341,25.3336
1573.8,231.0,0.0,0.3246615645042081,738.683,144.173,321.995,16.8378
1569.89,231.0,0.0,0.32420761509667884,709.492,120.584,312.344,-62.9894
1565.98,231.0,0.0,0.3232119781608373,710.002,88.9714,331.855,1.19672
1562.07,231.0,0.0,0.3229563932002957,696.277,41.7058,322.821,-91.3251
1558.16,231.0,0.0,0.3237136113296617,715.023,13.624,301.095,-3.29391
1554.25,231.0,0.0,0.3217566697661111,719.948,8.63667,323.136,-6.75211
1550.34,231.0,0.0,0.3227027155902058,719.557,9.15479,324.328,77.7914
1546.43,231.0,0.0,0.32278854636053694,696.345,70.7038,323.641,61.8679
1542.52,231.0,0.0,0.32023269675512006,689.965,78.5326,321.478,101.258
1538.61,231.0,0.0,0.3213179791621963,712.349,145.344,314.073,31.6863
1534.7,231.0,0.0,0.3183234389528646,681.558,119.777,312.695,21.732
1530.79,231.0,0.0,0.31707984645828863,695.181,136.286,322.138,-43.8094
1526.88,231.0,0.0,0.3155577807977493,688.224,67.3626,320.522,-62.7552
1522.97,231.0,0.0,0.31434852061130586,690.085,64.8793,302.517,-49.4459
1519.06,231.0,0.0,0.3102591612426388,656.815,2.24655,310.664,-6.22734
1515.15,231.0,0.0,0.30688696564385,649.398,-16.7856,317.407,27.3469
1511.24,231.0,0.0,0.30454664663948694,633.408,-11.681,315.178,46.6858
1507.33,231.0,0.0,0.3032038719214172,620.918,49.7278,314.705,59.8021
1503.42,231.0,0.0,0.3030036001239778,636.995,61.3782,302.253,64.8407
1499.51,231.0,0.0,0.3032115013232244,622.219,109.099,292.12,51.3107
1495.6,231.0,0.0,0.3029463796104237,630.799,91.3209,307.416,-1.60982
1491.69,231.0,0.0,0.3017542855780464,624.273,135.248,298.127,-12.6873
1487.78,231.0,0.0,0.3009493836873853,626.151,81.2548,311.51,-36.1555
1483.87,231.0,0.0,0.29935293135922564,599.065,59.3548,315.688,13.4272
1479.96,231.0,0.0,0.29739980449657866,599.698,-1.54181,314.104,3.19534
1476.05,231.0,0.0,0.296949669789953,591.675,5.43014,298.764,67.0751
1472.14,231.0,0.0,0.297552392532723,604.213,42.941,295.335,33.7742
1468.23,231.0,0.0,0.2987292277614858,613.599,51.3688,271.001,72.1057
1464.32,231.0,0.0,0.2983344062179625,629.305,78.3954,301.167,29.4864
1460.41,231.0,0.0,0.29770688791931904,605.007,88.4594,301.428,75.6217
1456.5,231.0,0.0,0.2961028061893522,613.442,126.123,302.1,3.50132
1452.59,231.0,0.0,0.2947466800181198,590.521,70.0736,314.604,32.256
1448.68,231.0,0.0,0.2918379705791193,605.45,104.577,290.754,-52.9942
1444.77,231.0,0.0,0.2905867486827361,592.761,24.5951,301.072,-8.78425
1440.86,231.0,0.0,0.2876189113797296,596.977,37.3703,325.138,13.2309
1436.95,231.0,0.0,0.28662899649524354,575.789,-47.5659,305.0,32.2463
1433.04,231.0,0.0,0.28597096058937127,579.001,44.9991,276.159,33.9286
1429.13,231.0,0.0,0.2861311780273228,580.02,-2.65757,280.194,46.2235
1425.22,231.0,0.0,0.2831442672197983,555.338,76.7312,298.578,30.8443
1421.31,231.0,0.0,0.28153827813937965,557.153,45.6929,313.431,65.428
1417.4,231.0,0.0,0.28004100803471377,557.606,97.9791,266.227,17.9621
1413.49,231.0,0.0,0.27989032734902125,570.091,93.0899,309.613,-23.0047
1409.58,231.0,0.0,0.27966716734616026,557.07,93.0905,301.332,7.14059
1405.67,231.0,0.0,0.27747180697613427,560.427,41.1329,321.369,-29.6763
1401.76,231.0,0.0,0.27723720287056247,540.877,32.4157,309.371,-18.2611
1397.85,231.0,0.0,0.27746989962568247,548.35,13.8843,298.733,-43.6096
1393.94,231.0,0.0,0.2784407410056505,562.816,27.4124,298.642,4.21053
1390.03,231.0,0.0,0.2753775361800539,550.771,24.8297,313.696,42.9509
1386.12,231.0,0.0,0.2775995994564051,554.845,25.9954,316.393,71.9683
1382.21,231.0,0.0,0.2761214028562573,520.098,72.0602,282.64,52.7976
1378.3,231.0,0.0,0.2738592852204182,515.749,66.1074,296.666,65.0868
1374.39,231.0,0.0,0.27597453687146845,527.557,126.69,292.754,0.597519
1370.48,231.0,0.0,0.27284838948096224,513.018,133.005,283.402,18.6774
1366.57,231.0,0.0,0.27052332928021366,522.063,70.8625,297.926,-78.0992
1362.66,231.0,0.0,0.2724402164842763,533.369,47.4868,306.152,-37.6592
1358.75,231.0,0.0,0.2675745654817252,544.413,42.055,296.695,-34.9579
1354.84,231.0,0.0,0.26769854326109244,507.772,12.2585,302.669,-6.09855
1350.93,231.0,0.0,0.2659685764013065,525.081,22.6965,296.412,46.3472
1347.02,231.0,0.0,0.26252771618625276,492.754,63.4727,290.784,59.7652
1343.11,231.0,0.0,0.26152826454950767,502.172,101.024,292.846,51.6101
1339.2,231.0,0.0,0.2615549674558329,533.967,105.171,279.517,53.6234
1335.29,231.0,0.0,0.2609789476193882,508.55,123.983,290.951,-4.73978
1331.38,231.0,0.0,0.25917840879288556,470.162,81.4042,286.874,-17.7701
1327.47,231.0,0.0,0.2600710488043297,482.196,67.4025,298.797,-32.8913
1323.56,231.0,0.0,0.26021791478911854,496.791,21.8642,297.753,-9.75645
1319.65,231.0,0.0,0.25765252843144265,472.04,12.2359,285.19,11.8008
1315.74,231.0,0.0,0.2590410795603557,485.566,-23.6079,293.012,28.8285
1311.83,231.0,0.0,0.25876642109529596,508.376,52.57,284.408,56.5552
1307.92,231.0,0.0,0.2567980354290347,495.528,22.2951,271.886,32.9002
1304.01,231.0,0.0,0.2587244593853563,477.985,116.721,272.319,20.1935
1300.1,231.0,0.0,0.25778985766397255,486.069,78.3463,267.853,25.5287
1296.19,231.0,0.0,0.2561056672150299,493.76,73.3699,261.872,16.0822
1292.28,231.0,0.0,0.2564165653386739,473.01,41.6612,270.29,-35.2931
1288.37,231.0,0.0,0.2557222897742174,493.882,14.7738,288.461,-14.1842
1284.46,231.0,0.0,0.2533648046157881,494.067,-0.903111,297.349,-34.7106
1280.55,231.0,0.0,0.25133538373506903,472.234,-2.04435,318.033,53.8142
1276.64,231.0,0.0,0.24937272012016307,483.385,41.6247,320.705,40.6775
1272.73,231.0,0.0,0.24687790572920393,478.711,80.2782,298.33,62.966
1268.82,231.0,0.0,0.24669861478673438,495.032,100.24,269.99,21.5295
1264.91,231.0,0.0,0.2447283217700212,499.797,114.78,280.687,4.72515
1261.0,231.0,0.0,0.24465584245285268,469.495,141.315,267.068,-34.7505
1257.09,231.0,0.0,0.24404739765872732,444.86,73.077,279.949,-39.41
1253.18,231.0,0.0,0.24277900960827792,471.414,45.6949,279.167,-13.6307
1249.27,231.0,0.0,0.24210380754833943,460.596,-42.6636,276.913,-54.6345
1245.36,231.0,0.0,0.24064849915361322,475.535,-18.3167,291.402,-29.682
1241.45,231.0,0.0,0.23888801468659848,477.776,1.60068,273.031,-10.7779
1237.54,231.0,0.0,0.23860000476837612,452.217,40.4149,271.951,-0.334029
1233.63,231.0,0.0,0.23820709057530456,425.198,42.9387,271.815,-10.5009
1229.72,231.0,0.0,0.23945449777078415,456.257,83.3725,284.179,58.3279
1225.81,231.0,0.0,0.23968337982500057,461.937,81.794,280.754,28.4193
1221.9,231.0,0.0,0.23971199008177763,433.355,78.3816,306.57,18.2363
1217.99,231.0,0.0,0.23950790358343466,448.104,78.277,319.412,15.8405
1214.08,231.0,0.0,0.2361185418305796,453.418,82.2661,295.987,0.678069
1210.17,231.0,0.0,0.23387168299835492,451.899,52.6973,266.926,-15.7717
1206.26,231.0,0.0,0.23269484776959207,445.251,23.2842,283.245,-52.6671
1202.35,231.0,0.0,0.23337195717998235,433.853,-10.3206,289.962,-70.3129
1198.44,231.0,0.0,0.23326705290513314,445.337,3.22619,285.545,-33.0272
1194.53,231.0,0.0,0.23218558519896051,426.816,-0.898045,294.573,10.4052
1190.62,231.0,0.0,0.2304022125265241,425.356,36.0668,298.371,62.4347
1186.71,231.0,0.0,0.22801230241041412,440.96,90.3072,288.539,74.2057
1182.8,231.0,0.0,0.22489187707126337,396.426,112.548,294.94,74.9271
1178.89,231.0,0.0,0.225002503397468,422.075,111.728,279.834,40.3816
1174.98,231.0,0.0,0.22271177550485183,427.202,90.0677,281.32,-8.63509
1171.07,231.0,0.0,0.223137114655604,402.813,57.2891,275.724,-65.924
1167.16,231.0,0.0,0.22394201654626517,408.603,10.7392,286.699,-78.0502
1163.25,231.0,0.0,0.2235338435495792,411.886,-7.52438,272.043,-60.5651
1159.34,231.0,0.0,0.2236940609875307,415.185,-25.4213,277.538,-6.91343
1155.43,231.0,0.0,0.22344801277924803,419.784,1.29671,283.583,63.9774
1151.52,231.0,0.0,0.22032949479054909,400.023,40.9747,280.698,93.9202
1147.61,231.0,0.0,0.22209951600982283,398.609,91.2925,251.701,84.7286
1143.7,231.0,0.0,0.22081014710440358,414.68,94.6812,263.51,43.4454
1139.78,231.0,0.0,0.22110578642443315,438.613,110.94,277.133,-1.14484
1135.87,231.0,0.0,0.22118208044250529,444.975,112.358,269.917,-49.4468
1131.96,231.0,0.0,0.21841070023603462,407.564,82.6821,272.482,-85.1588
1128.05,231.0,0.0,0.22090551462699376,424.39,42.0203,274.142,-73.9272
1124.14,231.0,0.0,0.21710607252700093,437.271,0.233879,266.83,-23.6233
1120.23,231.0,0.0,0.21695729919176024,434.28,-9.72815,276.173,-9.71565
1116.32,231.0,0.0,0.21607228858212335,425.068,33.0039,277.709,37.4362
1112.41,231.0,0.0,0.21108647450110865,403.908,63.792,288.757,30.626
1108.5,231.0,0.0,0.21186658083589632,396.553,78.8981,275.135,47.5585
1104.59,231.0,0.0,0.2119047278449324,397.155,97.0439,276.288,15.529
1100.68,231.0,0.0,0.20901318455999807,412.065,92.3671,288.266,-8.53204
1096.77,231.0,0.0,0.20977421739026775,409.49,92.9693,312.105,3.60711
1092.86,231.0,0.0,0.20857830865698687,405.051,47.3351,291.72,-13.2891
1088.95,231.0,0.0,0.20626469255894905,404.272,38.8167,280.225,-30.4094
1085.04,231.0,0.0,0.20800801087189758,412.369,20.0024,294.205,-18.3176
1081.13,231.0,0.0,0.2047578857020242,392.025,33.9895,284.357,-23.9324
1077.22,231.0,0.0,0.20433826860262738,372.025,42.1718,262.002,10.5385
1073.31,231.0,0.0,0.20606632811196146,379.543,9.15793,297.02,0.797138
1069.4,231.0,0.0,0.2040864983429893,391.206,72.7181,256.849,28.249
1065.49,231.0,0.0,0.20628567341391887,395.698,55.2317,255.546,57.0338
1061.58,231.0,0.0,0.20576305939012468,400.683,53.9418,309.723,33.9622
1057.67,231.0,0.0,0.20405788808621225,413.825,58.6624,277.861,22.9865
1053.76,231.0,0.0,0.20469685048756647,399.312,46.1216,256.174,1.31572
1049.85,231.0,0.0,0.2030946761080514,382.519,27.4947,277.453,4.42123
1045.94,231.0,0.0,0.20164127506377702,417.184,20.5031,273.189,-44.0669
1042.03,231.0,0.0,0.20076198650549557,400.726,25.4746,275.787,-42.4983
1038.12,231.0,0.0,0.19944972939465463,374.195,37.1538,243.566,-32.0591
1034.21,231.0,0.0,0.1996385570893832,372.034,39.6976,284.658,29.645
1030.3,231.0,0.0,0.19704837517583387,400.595,60.1182,266.016,42.2749
1026.39,231.0,0.0,0.19714755739932768,401.552,77.4793,259.867,65.3231
1022.48,231.0,0.0,0.19657725961423836,386.442,72.3973,272.225,15.1799
1018.57,231.0,0.0,0.1926519323844265,381.027,42.7925,271.008,13.7729
1014.66,231.0,0.0,0.1937181412869847,373.668,36.4551,279.459,-34.3778
1010.75,231.0,0.0,0.18991126052022983,373.903,20.3262,296.145,-38.7461
1006.84,231.0,0.0,0.18898943804687313,365.192,11.2035,274.771,-43.2595
1002.93,231.0,0.0,0.18976153350976324,360.841,19.0024,279.042,-8.51662
999.022,231.0,0.0,0.1899680995636936,352.851,73.889,283.329,16.9301
995.112,231.0,0.0,0.1895385642419474,371.148,55.2867,266.869,13.6294
991.202,231.0,0.0,0.19011477481343728,368.248,78.2221,281.377,26.9362
987.292,231.0,0.0,0.1877813222707007,361.808,43.3803,273.694,15.2141
983.382,231.0,0.0,0.18842409937295854,370.954,22.6707,280.5,19.4764
979.472,231.0,0.0,0.1868558758314856,389.037,-2.91202,277.334,13.1039
975.562,231.0,0.0,0.18628824833702884,407.864,13.5505,282.304,-3.48681
971.652,231.0,0.0,0.1870227689960184,387.505,36.6955,264.371,-0.588797
967.742,231.0,0.0,0.18623198149870063,381.319,48.7975,261.204,-4.5969
963.832,231.0,0.0,0.18616045585675797,397.816,80.9191,269.98,-13.9834
959.922,231.0,0.0,0.18579538898028278,399.894,38.5832,284.377,5.73563
956.012,231.0,0.0,0.18264063133299957,400.592,28.1395,280.101,-34.5747
952.102,231.0,0.0,0.18162077104642013,396.007,32.2159,282.541,-5.24703
948.192,231.0,0.0,0.17999895095725152,367.135,5.33479,285.879,-12.8553
944.282,231.0,0.0,0.1797559545096917,359.7,16.4126,289.287,16.4607
940.371,231.0,0.0,0.17991273871683,372.169,27.0088,290.532,16.2931
936.461,231.0,0.0,0.17832296211525164,369.861,7.42454,279.311,14.8236
932.551,231.0,0.0,0.17878797415540137,348.732,58.5034,273.593,-13.46
928.641,231.0,0.0,0.1750123739360561,354.244,49.495,285.954,-4.3953
924.731,231.0,0.0,0.1752113105881792,383.016,39.1726,274.667,20.1032
920.821,231.0,0.0,0.17426297594354243,366.692,33.166,251.683,19.5402
916.911,231.0,0.0,0.17239091147509716,362.626,25.6508,243.293,-6.82808
913.001,231.0,0.0,0.17342507689006506,342.344,48.8861,265.179,-12.1859
909.091,231.0,0.0,0.1736028419521732,341.218,34.1567,266.388,-10.464
905.181,231.0,0.0,0.17427346637102736,369.444,3.08353,302.872,5.30919
901.271,231.0,0.0,0.17409913453973247,389.267,29.8583,301.513,17.1571
897.361,231.0,0.0,0.17272202751353027,362.126,27.4644,303.952,24.1325
893.451,231.0,0.0,0.17283265383973487,343.781,51.5536,292.343,27.3925
889.541,231.0,0.0,0.1719079703407005,367.378,26.3473,264.858,55.4968
885.63,231.0,0.0,0.1705371575709892,365.569,64.0383,265.292,41.9744
881.72,231.0,0.0,0.1709401807214553,365.237,70.9271,284.608,24.8576
877.81,231.0,0.0,0.17064148964070286,343.521,74.7686,297.173,28.6103
873.9,231.0,0.0,0.16898552797844696,350.275,39.0485,278.509,2.35773
869.99,231.0,0.0,0.1684858021600744,348.631,19.3915,263.465,16.085
866.08,231.0,0.0,0.16733032925637176,338.781,-3.82383,258.475,5.34975
862.17,231.0,0.0,0.1650014543547195,334.591,22.7887,259.712,1.51205
858.26,231.0,0.0,0.16366802565386357,321.333,67.8825,273.372,10.7701
854.35,231.0,0.0,0.16244655842452854,332.1,92.8601,268.658,9.12362
850.44,231.0,0.0,0.1620465870347853,310.829,67.6802,270.344,-34.7922
846.53,231.0,0.0,0.16177307297999666,317.568,80.1493,284.158,-27.5302
842.62,231.0,0.0,0.16091095057578142,337.952,16.3835,285.896,-5.29794
838.71,231.0,0.0,0.1602029420880719,328.388,3.16707,290.917,-25.4384
834.8,231.0,0.0,0.15922561571656774,329.168,6.98084,273.477,-6.71481
830.89,231.0,0.0,0.16011386882197268,321.62,16.4825,275.255,12.3773
826.979,231.0,0.0,0.1581594068140095,350.651,11.881,268.534,16.7385
823.069,231.0,0.0,0.1581468183010276,362.197,31.5573,290.448,7.51921
819.159,231.0,0.0,0.15786662851965763,365.013,22.6337,257.825,-21.4598
815.249,231.0,0.0,0.15765109791860382,344.688,45.2043,257.311,3.43393
811.339,231.0,0.0,0.1580998974799132,331.996,41.5782,243.578,-4.54924
807.429,231.0,0.0,0.1563779414920249,304.067,47.7574,260.641,-14.5456
803.519,231.0,0.0,0.15630775099539854,350.113,27.141,274.151,-4.86774
799.609,231.0,0.0,0.1555348925923277,334.214,-3.85663,273.202,-15.4881
795.699,231.0,0.0,0.15450454187826335,331.178,28.1865,293.326,-31.0647
791.789,231.0,0.0,0.1542407553107789,327.813,-9.77101,313.932,-3.48972
787.879,231.0,0.0,0.15374713301385215,348.242,15.5638,264.006,-6.40754
783.969,231.0,0.0,0.15189929189614476,334.896,12.521,252.593,34.7829
780.059,231.0,0.0,0.1522544405502706,321.26,16.0434,257.24,27.0826
776.149,231.0,0.0,0.1506577974870658,316.841,15.5107,259.139,10.1149
772.239,231.0,0.0,0.1486108289821901,312.67,36.4521,274.584,5.90225
768.328,231.0,0.0,0.1474450563860477,326.476,29.0337,278.217,-17.285
764.418,231.0,0.0,0.14682116205326276,314.713,47.0911,293.418,5.28734
760.508,231.0,0.0,0.14560656128555421,321.785,45.5119,279.782,-3.71776
756.598,231.0,0.0,0.14559282836230122,338.206,41.6637,284.782,10.3593
752.688,231.0,0.0,0.14546408220680448,318.454,27.9952,296.272,0.212729
748.778,231.0,0.0,0.14403166201749992,323.37,44.3696,287.85,14.8309
744.868,231.0,0.0,0.14439215125289084,334.576,35.5508,275.852,-2.0607
740.958,231.0,0.0,0.1440816345993372,321.257,25.4762,277.401,3.86405
737.048,231.0,0.0,0.14303888610733614,318.652,41.7558,276.649,-1.0473
733.138,231.0,0.0,0.14370302553465417,334.317,19.9084,287.145,20.6909
729.228,231.0,0.0,0.14229864339699116,373.712,21.8558,284.846,-4.26534
725.318,231.0,0.0,0.14185728250244378,372.522,22.1089,269.644,13.6898
721.408,231.0,0.0,0.14114622225401138,382.154,38.243,267.942,0.465387
717.498,231.0,0.0,0.1407002837183797,353.262,19.6491,268.071,27.8627
713.587,231.0,0.0,0.14045213742460005,348.52,33.3961,282.601,28.1289
709.677,231.0,0.0,0.13984674439119757,343.37,21.4899,292.317,13.821
705.767,231.0,0.0,0.13895086188398542,343.14,68.4759,287.701,-11.4168
701.857,231.0,0.0,0.13755735164389768,334.691,75.7807,291.201,-35.3033
697.947,231.0,0.0,0.13622029897718332,339.57,35.7981,276.593,-24.8609
694.037,231.0,0.0,0.13453591779319554,352.272,40.7415,284.154,-33.5932
690.127,231.0,0.0,0.13328812912762558,361.843,30.4208,277.224,-17.196
686.217,231.0,0.0,0.13344167083899577,340.216,15.8154,260.221,-30.6326
682.307,231.0,0.0,0.13202088548744725,321.295,19.1198,271.854,10.2507
678.397,231.0,0.0,0.13146393915552057,320.495,13.5498,286.824,16.3228
674.487,231.0,0.0,0.13116868130558137,341.186,36.7358,290.456,18.2425
670.577,231.0,0.0,0.12956612545597596,344.336,45.9111,278.74,28.3846
666.667,231.0,0.0,0.12915356555325083,330.815,68.3977,259.323,14.2982
662.757,231.0,0.0,0.12918675345111222,339.69,62.6184,278.464,-1.57896
658.847,231.0,0.0,0.1279553679994278,348.885,43.2092,262.868,-15.3839
654.936,231.0,0.0,0.1284468922108576,356.35,54.5766,279.809,-10.9497
651.026,231.0,0.0,0.12753041031876594,343.988,22.5684,298.37,3.0064
647.116,231.0,0.0,0.1274367594115824,326.559,6.36716,283.933,-1.39859
643.206,231.0,0.0,0.1270472784493241,345.812,28.6808,289.39,21.7237
639.296,231.0,0.0,0.12590267744319672,350.492,50.128,293.396,2.9866
635.386,231.0,0.0,0.1262164365925184,331.709,33.1026,295.915,9.92392
631.476,231.0,0.0,0.12460854016164795,328.885,58.7263,283.479,-10.7158
627.566,231.0,0.0,0.12366573683332142,325.002,33.0705,287.805,20.497
623.656,231.0,0.0,0.12270080823975396,323.5,60.7823,284.74,9.0984
619.746,231.0,0.0,0.12189171017809886,326.415,62.621,267.408,12.1343
615.836,231.0,0.0,0.12090656366974226,314.622,56.6516,276.879,4.98568
611.926,231.0,0.0,0.11983673080132562,339.939,44.3501,292.264,-9.46822
608.016,231.0,0.0,0.1192277138020647,330.666,39.0804,258.919,-6.58163
604.106,231.0,0.0,0.11859771594783397,324.343,27.837,280.814,-23.8558
600.195,231.0,0.0,0.117233578904704,322.082,42.5967,286.891,-4.44613
596.285,231.0,0.0,0.11582938750208617,328.681,15.6884,279.502,12.943
592.375,231.0,0.0,0.11555739932765896,334.456,2.66908,264.724,8.14004
588.465,231.0,0.0,0.115051951457931,313.792,3.0659,277.582,-8.80341
584.555,231.0,0.0,0.114539064921441,328.7,35.9456,280.369,12.6271
580.645,231.0,0.0,0.11541415730872852,323.532,24.9674,268.773,18.3057
576.735,231.0,0.0,0.11375724197124669,294.799,35.8731,293.054,-4.09373
572.825,231.0,0.0,0.11383735069022245,312.31,39.1116,282.595,-8.33551
568.915,231.0,0.0,0.11313277543332617,338.793,39.2669,286.479,-29.8805
565.005,231.0,0.0,0.1116561047135398,340.415,52.6495,274.965,-39.2198
561.095,231.0,0.0,0.11198817442719881,331.128,32.8316,258.246,1.01542
557.185,231.0,0.0,0.11099425410676395,323.524,25.3558,274.543,-24.9497
553.275,231.0,0.0,0.11123381732351048,347.517,20.6901,283.688,-4.24632
549.365,231.0,0.0,0.1099709605893713,336.017,12.8259,282.789,-1.8314
545.455,231.0,0.0,0.10941401425744463,304.304,16.7755,273.564,7.56268
541.544,231.0,0.0,0.10845194668955488,305.73,8.65811,306.311,1.31474
537.634,231.0,0.0,0.1073472093078702,314.609,5.42396,304.571,1.71571
533.724,231.0,0.0,0.10609503373626113,316.976,19.8109,300.324,21.695
529.814,231.0,0.0,0.10541067639415397,330.134,16.0949,278.171,6.23043
525.904,231.0,0.0,0.10363035548244046,335.14,19.2174,274.143,9.38507
521.994,231.0,0.0,0.10337076508594999,306.931,9.86483,301.898,1.87913
518.084,231.0,0.0,0.10284567150656843,319.38,26.5661,271.821,10.1652
514.174,231.0,0.0,0.10159578475550152,313.631,24.2261,270.463,4.34002
510.264,231.0,0.0,0.1015658393534082,322.001,23.5357,281.306,-16.8304
506.354,231.0,0.0,0.10054731421214505,308.631,7.55475,293.228,-18.9001
502.444,231.0,0.0,0.1000796318813628,301.706,8.84032,291.405,4.11155
498.534,231.0,0.0,0.10054292730610591,303.526,29.709,291.152,-9.81426
494.624,231.0,0.0,0.09955339389171018,313.685,52.2375,290.921,17.7171
490.714,231.0,0.0,0.09920835419497889,320.484,31.8432,280.538,7.1375
486.804,231.0,0.0,0.09879808311279593,337.614,41.1849,290.646,-5.91213
482.893,231.0,0.0,0.09779348162983095,329.085,27.3845,286.647,-9.42585
478.983,231.0,0.0,0.09706105905633837,322.45,13.3654,287.774,-0.486695
475.073,231.0,0.0,0.09665288605965239,318.101,15.9126,284.945,-8.37464
471.163,231.0,0.0,0.0958659132632382,321.594,28.4115,286.983,-10.7001
467.253,231.0,0.0,0.09573430608206375,309.841,28.8159,281.898,-23.7709
463.343,231.0,0.0,0.09428452900364781,320.183,28.8567,298.482,-19.343
459.433,231.0,0.0,0.09371384974846816,310.419,25.5149,289.205,-17.5071
455.523,231.0,0.0,0.09275407100112056,326.508,13.925,298.025,8.16003
451.613,231.0,0.0,0.09237851369716044,312.279,9.23625,291.909,8.87374
447.703,231.0,0.0,0.0913714326586081,318.24,22.2104,297.073,-1.977
443.793,231.0,0.0,0.0896027465846506,325.092,40.0894,284.858,14.8107
439.883,231.0,0.0,0.08928688934983191,328.397,24.3375,288.897,-9.39408
435.973,231.0,0.0,0.08822773764394536,312.454,16.0758,275.555,2.48067
432.063,231.0,0.0,0.08753441575471473,320.135,4.48451,288.555,-15.9039
428.152,231.0,0.0,0.08669689817132775,323.77,22.7302,293.321,-8.20778
424.242,231.0,0.0,0.0865408769043702,305.383,37.4824,290.433,3.91464
420.332,231.0,0.0,0.08635891567126815,306.413,18.6223,294.744,-8.96287
416.422,231.0,0.0,0.08597611043559115,327.889,43.1451,285.164,-10.0703
412.512,231.0,0.0,0.08517063633979449,322.728,38.0314,286.104,-14.9796
408.602,231.0,0.0,0.08453777745988604,328.978,19.4242,293.048,-17.0359
404.692,231.0,0.0,0.08334701857282502,335.362,20.2415,277.154,8.94384
400.782,231.0,0.0,0.08316639248503922,324.982,7.24001,311.113,2.43477
396.872,231.0,0.0,0.08258636721264573,331.55,21.7113,295.452,13.6089
392.962,231.0,0.0,0.0826021982213957,327.879,31.0356,296.848,6.55386
389.052,231.0,0.0,0.08147266528383759,330.703,33.6696,289.22,4.93023
385.142,231.0,0.0,0.08058078821257421,297.95,35.7007,279.599,20.5895
381.232,231.0,0.0,0.0796639248503922,293.9,23.9506,290.954,-7.15149
377.322,231.0,0.0,0.07892787831104117,307.281,-3.12525,301.278,-34.1866
373.412,231.0,0.0,0.07813403905300051,322.086,9.09965,285.305,-33.4657
369.501,231.0,0.0,0.07720725746846911,309.212,28.0292,274.145,-17.7968
365.591,231.0,0.0,0.07623546241327515,297.819,22.7999,281.45,6.84511
361.681,231.0,0.0,0.07526500250339747,307.02,26.7889,271.012,15.2825
357.771,231.0,0.0,0.07518241422883437,310.702,24.8171,273.367,36.9967
353.861,231.0,0.0,0.07381884939083995,296.165,11.4343,292.185,12.556
349.951,231.0,0.0,0.07349021290799418,259.946,28.7736,279.565,-8.86069
346.041,231.0,0.0,0.0729382256872422,274.884,32.7239,286.689,2.07523
342.131,231.0,0.0,0.0721359940872136,282.037,21.8921,269.188,7.27964
338.221,231.0,0.0,0.07225901819135493,274.611,47.4091,290.223,-14.3457
334.311,231.0,0.0,0.07079665259995709,262.175,44.2675,287.733,6.92754
330.401,231.0,0.0,0.07121283646854064,287.009,30.5957,289.687,28.1235
326.491,231.0,0.0,0.0704060272274277,285.646,20.9559,304.528,14.2337
322.581,231.0,0.0,0.06968771904727844,263.876,9.04136,291.032,-6.08601
318.671,231.0,0.0,0.06915347018572825,265.507,12.5146,294.346,15.3046
314.76,231.0,0.0,0.06864230026464488,292.622,31.2093,279.949,25.6128
310.85,231.0,0.0,0.06769644517559545,289.732,20.6919,271.421,3.42035
306.94,231.0,0.0,0.06754767184035476,273.477,35.6822,285.158,2.86651
303.03,231.0,0.0,0.06715914455332236,268.916,15.7893,276.978,-13.9271
299.12,231.0,0.0,0.06493803495219702,301.19,28.4963,297.406,-42.6229
295.21,231.0,0.0,0.06541735212073528,294.23,18.5972,276.103,-29.295
291.3,231.0,0.0,0.06428781918317718,308.723,-6.20267,264.202,-28.3797
287.39,231.0,0.0,0.06329981164914289,310.928,-10.7789,271.304,-16.1653
283.48,231.0,0.0,0.06320883103259185,307.062,-2.2388,257.5,3.24183
279.57,231.0,0.0,0.06200300407696158,311.183,27.3786,257.541,-1.05955
275.66,231.0,0.0,0.061495458121736644,307.479,39.9216,274.826,-14.0056
271.75,231.0,0.0,0.06065927568366593,320.207,47.0238,287.086,0.854783
267.84,231.0,0.0,0.05959745368714684,325.732,48.0786,291.562,-2.34694
263.93,231.0,0.0,0.059169062775671744,325.043,22.3388,289.185,-1.88704
260.02,231.0,0.0,0.05850740290394106,334.319,7.18592,287.502,-24.6538
256.109,231.0,0.0,0.05763116610638248,327.674,-6.73188,287.539,-16.9906
252.199,231.0,0.0,0.05742307417209069,345.215,-30.3287,281.162,3.05682
248.289,231.0,0.0,0.05648103378394488,346.371,-11.2829,297.26,-9.2727
244.379,231.0,0.0,0.0561020432491715,353.59,25.1445,316.359,-12.8697
240.469,231.0,0.0,0.055631309157666356,353.006,-1.64225,329.441,-21.4934
236.559,231.0,0.0,0.05493798726843573,356.419,-2.0017,284.703,3.34099
232.649,231.0,0.0,0.054146246095892046,357.775,20.1219,301.564,-26.6502
228.739,231.0,0.0,0.0529354600290871,373.985,5.7217,304.525,-36.7347
224.829,231.0,0.0,0.05268998402593996,372.007,5.86393,298.409,-42.6795
220.919,231.0,0.0,0.05169034165414968,386.357,20.3916,284.077,-39.2229
217.009,231.0,0.0,0.0509596356960637,375.907,36.4644,297.534,-11.4431
213.099,231.0,0.0,0.04987854945998141,372.343,36.7752,304.236,-14.329
209.189,231.0,0.0,0.04897293946546504,380.991,27.5379,318.998,12.1181
205.279,231.0,0.0,0.04785179886989486,365.532,28.4507,309.475,11.7437
201.369,231.0,0.0,0.04710755072360108,383.783,17.4028,319.285,5.63069
197.458,231.0,0.0,0.04615177741220227,365.245,7.67865,311.723,11.0198
193.548,231.0,0.0,0.045548863934387146,382.799,24.6842,312.681,6.75603
189.638,231.0,0.0,0.04443134730467539,375.052,15.9805,323.039,18.8133
185.728,231.0,0.0,0.04397873304246239,388.484,21.2699,318.503,6.50384
181.818,231.0,0.0,0.043212741101018054,386.827,24.8486,292.83,-0.484398
177.908,231.0,0.0,0.04217609613046277,385.04,3.6623,312.03,-3.39463
173.998,231.0,0.0,0.041224900460148296,378.02,12.594,295.118,-10.4689
170.088,231.0,0.0,0.04048141525403524,399.159,19.7336,310.412,0.0772536
166.178,231.0,0.0,0.040134849676942516,413.82,6.19094,293.164,11.4079
162.268,231.0,0.0,0.03893531697780321,387.737,22.1519,312.752,-9.02678
158.358,231.0,0.0,0.037985265717759814,391.743,11.1564,327.485,-17.2025
154.448,231.0,0.0,0.0373073933671888,406.523,30.3113,338.576,-18.0678
150.538,231.0,0.0,0.03657745034928355,408.678,28.2297,313.036,-29.1896
146.628,231.0,0.0,0.03621677037884748,415.756,14.774,301.312,-42.2492
142.717,231.0,0.0,0.034912905609994514,434.086,-4.33767,311.464,-28.0615
138.807,231.0,0.0,0.0344662041341821,448.671,1.1147,319.871,-30.5109
134.897,231.0,0.0,0.0333813031971962,417.07,-10.5055,316.57,-14.0368
130.987,231.0,0.0,0.0324283909114751,428.97,7.04044,339.146,-35.0929
127.077,231.0,0.0,0.031076651646281858,448.018,11.5687,337.42,-47.5803
123.167,231.0,0.0,0.03063757957227666,425.349,11.5841,303.3,-20.6185
119.257,231.0,0.0,0.029151372100231263,422.658,16.1877,311.879,-13.7865
115.347,231.0,0.0,0.028339222277853276,450.289,18.3498,314.831,3.31527
111.437,231.0,0.0,0.027924945759721525,453.718,22.6188,314.656,4.27542
107.527,231.0,0.0,0.02715056147628925,456.193,10.8381,323.275,-26.1432
103.617,231.0,0.0,0.02589857663972534,469.124,20.5604,353.223,-15.8946
99.7067,231.0,0.0,0.025072121688958823,458.938,15.0126,361.638,4.23138
95.7967,231.0,0.0,0.024218773096821876,471.853,-0.242792,333.016,6.82774
91.8866,231.0,0.0,0.023645805021100065,479.902,6.11149,327.863,-10.6496
87.9765,231.0,0.0,0.022124883770831844,474.493,9.52942,365.583,0.926935
84.0665,231.0,0.0,0.02209207734306082,482.702,3.56127,346.642,3.3272
80.1564,231.0,0.0,0.020632954247431036,479.597,2.78288,310.533,5.13961
76.2463,231.0,0.0,0.019322604487041938,478.258,8.86893,331.922,1.85325
72.3363,231.0,0.0,0.019070471830818014,497.198,7.48721,350.067,1.89551
68.4262,231.0,0.0,0.01784217628686551,471.928,13.2651,336.578,0.742352
64.5161,231.0,0.0,0.016971375438094558,471.311,4.35654,344.845,25.1586
60.6061,231.0,0.0,0.016050869036549602,506.034,3.30257,353.645,23.415
56.696,231.0,0.0,0.014899592303840928,488.838,10.0693,348.426,8.89502
52.7859,231.0,0.0,0.013958333929380349,486.492,7.48442,324.876,-1.53338
48.8759,231.0,0.0,0.013437055050902416,467.876,0.516964,330.582,3.51309
44.9658,231.0,0.0,0.012598297689721765,470.643,-21.2356,335.721,11.6086
41.0557,231.0,0.0,0.011180564098896121,464.095,-3.13038,333.087,17.082
37.1456,231.0,0.0,0.010104799370574352,443.969,9.5748,326.362,18.1034
33.2356,231.0,0.0,0.00936434685167966,450.428,6.49326,348.557,19.077
29.3255,231.0,0.0,0.008915604510883818,440.419,-8.70105,330.471,10.3882
25.4154,231.0,0.0,0.007655208258827456,449.959,15.0354,327.574,-11.6028
21.5054,231.0,0.0,0.006271730682116206,457.321,23.0019,335.232,11.8987
17.5953,231.0,0.0,0.005949045132680066,441.458,10.5288,342.836,19.6756
13.6852,231.0,0.0,0.0046028753308060945,446.288,5.22297,333.495,3.98227
9.77517,231.0,0.0,0.003882144815583053,462.42,3.75957,334.788,-33.0821
5.8651,231.0,0.0,0.0029632787354266503,471.987,-2.39333,337.539,-33.3377
1.95503,231.0,0.0,0.0014800810623942016,494.628,-11.099,333.648,-23.7336
-1.95503,231.0,0.0,0.0005983034117731207,491.941,13.6134,329.433,-32.2502
-5.8651,231.0,0.0,4.901432897026917e-05,461.865,1.90414,361.353,-29.6486
-9.77517,231.0,0.0,-0.000920836373173116,489.308,1.58166,365.158,-14.8796
-13.6852,231.0,0.0,-0.0019275492930882388,498.998,-20.3119,353.564,-29.7897
-17.5953,231.0,0.0,-0.0030793410104189016,502.485,-1.00454,338.385,-33.0925
-21.5054,231.0,0.0,-0.003695357985837923,500.982,-24.1753,354.66,-27.7965
-25.4154,231.0,0.0,-0.004994835848651741,500.226,0.163833,335.021,-39.9904
-29.3255,231.0,0.0,-0.005864683022196791,489.902,0.198757,357.458,-23.7868
-33.2356,231.0,0.0,-0.006739260424862313,505.055,-16.3956,346.99,-17.7111
-37.1456,231.0,0.0,-0.007413165486493575,513.199,-15.356,327.367,-3.56304
-41.0557,231.0,0.0,-0.009074276994969363,522.512,2.48596,353.0,-5.0409
-44.9658,231.0,0.0,-0.009890260591755478,542.435,11.3313,359.456,2.85732
-48.8759,231.0,0.0,-0.010806628042820017,536.915,2.42926,336.482,-7.46692
-52.7859,231.0,0.0,-0.011846038671530409,532.348,-5.68664,346.424,-15.9736
-56.696,231.0,0.0,-0.013111565696302124,550.233,3.74131,375.044,-22.8925
-60.6061,231.0,0.0,-0.01393803972057316,547.762,10.6076,358.671,-16.2377
-64.5161,231.0,0.0,-0.015339885082135279,549.216,-3.29386,369.027,-17.2499
-68.4262,231.0,0.0,-0.016484638676298787,573.891,1.013,358.339,-7.05142
-72.3363,231.0,0.0,-0.017109448537300623,600.945,-16.9554,365.619,-17.846
-76.2463,231.0,0.0,-0.01876981617910021,599.398,-17.8697,377.077,-35.9071
-80.1564,231.0,0.0,-0.01998197553823046,598.357,9.31795,369.174,-36.2988
-84.0665,231.0,0.0,-0.020740147342822403,596.109,16.3067,367.197,-4.67086
-87.9765,231.0,0.0,-0.02213480199318122,608.757,9.75223,381.709,0.229017
-91.8866,231.0,0.0,-0.02331411677753141,632.138,-1.57111,366.467,4.8559
-95.7967,231.0,0.0,-0.02461855375151992,611.139,-10.7718,357.291,-2.17795
-99.7067,231.0,0.0,-0.025626969935388502,615.549,0.00734043,363.106,-35.8343
-103.617,231.0,0.0,-0.02652018215196815,614.411,9.04346,363.412,-54.4324
-107.527,231.0,0.0,-0.0279524116062275,616.519,4.72638,368.328,-56.103
-111.437,231.0,0.0,-0.0284681591683952,637.732,9.39815,360.542,-24.8582
-115.347,231.0,0.0,-0.029790906706721028,614.475,4.22623,366.958,-19.1633
-119.257,231.0,0.0,-0.030924826550318286,610.329,6.38718,363.827,-23.1438
-123.167,231.0,0.0,-0.03158209951600982,607.454,5.79951,352.404,-16.1943
-127.077,231.0,0.0,-0.03336337410294924,621.216,21.1833,350.868,0.788898
-130.987,231.0,0.0,-0.03459113558877524,625.867,0.305511,356.091,9.85997
-134.897,231.0,0.0,-0.03591598121259805,637.419,4.60238,371.569,14.5868
-138.807,231.0,0.0,-0.03662627852084972,637.177,10.2601,370.367,4.26009
-142.717,231.0,0.0,-0.03786777292992871,661.72,5.62386,366.133,-16.49
-146.628,231.0,0.0,-0.039246978041627925,651.454,-12.2642,384.071,-6.38617
-150.538,231.0,0.0,-0.04038261450063181,631.433,-20.1141,382.598,6.41667
-154.448,231.0,0.0,-0.041782609732255685,630.421,-11.0122,408.142,-15.5785
-158.358,231.0,0.0,-0.042631189948263114,641.877,4.27321,389.516,27.1949
-162.268,231.0,0.0,-0.0444137996805188,626.665,-13.9419,387.362,34.1014
-166.178,231.0,0.0,-0.045586438738287674,629.007,-1.27862,364.187,18.6525
-170.088,231.0,0.0,-0.04675602603533367,660.148,-17.557,381.084,-8.94876
-173.998,231.0,0.0,-0.04807648475311733,643.229,-20.4338,376.655,-17.8916
-177.908,231.0,0.0,-0.04865059723911022,633.762,-14.6889,388.248,2.13452
-181.818,231.0,0.0,-0.050107240779152656,628.847,-7.70061,389.529,-22.3939
-185.728,231.0,0.0,-0.051606990439405864,623.469,-12.1702,394.524,-9.19529
-189.638,231.0,0.0,-0.05259862193929857,607.013,0.95886,370.308,-2.3072
-193.548,231.0,0.0,-0.05340371456500489,603.022,14.6912,356.804,-2.39438
-197.458,231.0,0.0,-0.054207472045394944,568.835,-16.7667,367.409,18.197
-201.369,231.0,0.0,-0.05538850344515175,584.951,-20.1623,370.565,0.854864
-205.279,231.0,0.0,-0.05664449371766445,567.353,-14.8855,371.471,23.3743
-209.189,231.0,0.0,-0.05790105619531268,590.146,1.88475,368.419,7.26591
-213.099,231.0,0.0,-0.05884652981427175,601.759,-10.4709,375.173,-11.0563
-217.009,231.0,0.0,-0.06014333738645304,593.166,8.35724,380.7,-17.0303
-220.919,231.0,0.0,-0.06055780463962997,581.815,-2.19956,351.24,5.85947
-224.829,231.0,0.0,-0.062568152015831,570.616,-11.5382,345.863,14.8084
-228.739,231.0,0.0,-0.06367422454283195,551.578,-6.27971,369.693,-0.373772
-232.649,231.0,0.0,-0.06422068044727368,580.148,-9.3866,390.429,18.1491
-236.559,231.0,0.0,-0.06616102806189351,591.997,9.24189,364.016,13.0946
-240.469,231.0,0.0,-0.06728445747800586,583.085,4.59944,352.424,20.8269
-244.379,231.0,0.0,-0.06777426507402905,572.433,-12.6463,368.599,12.3373
-248.289,231.0,0.0,-0.06951796485706792,578.133,4.77276,378.797,-23.9511
-252.199,231.0,0.0,-0.0706459719142646,589.576,-7.88488,383.753,-25.5282
-256.109,231.0,0.0,-0.07174498724459386,564.682,-10.4564,378.56,-33.377
-260.02,231.0,0.0,-0.07318980521183512,576.78,-11.2112,378.292,-5.20825
-263.93,231.0,0.0,-0.07358786925112652,586.978,-12.9256,382.069,-15.3376
-267.84,231.0,0.0,-0.07548587368571633,570.181,5.92156,377.8,-41.6947
-271.75,231.0,0.0,-0.07502753737214791,572.249,-14.4742,392.467,-13.1539
-275.66,231.0,0.0,-0.07575347495410438,574.834,1.6689,391.01,2.41972
-279.57,231.0,0.0,-0.07782962592089264,590.437,6.69114,398.701,-3.90003
-283.48,231.0,0.0,-0.07771404048351334,578.586,1.98567,394.246,-31.7875
-287.39,231.0,0.0,-0.07982509596356961,564.072,1.96263,382.744,-28.9742
-291.3,231.0,0.0,-0.08117511861335622,570.936,-0.648925,356.396,-27.8283
-295.21,231.0,0.0,-0.08207176406074912,598.287,1.8842,354.532,-3.60193
-299.12,231.0,0.0,-0.08365677228619794,606.033,-35.3378,365.366,3.67853
-303.03,231.0,0.0,-0.08342521994134898,597.267,-45.0458,369.715,-17.8852
-306.94,231.0,0.0,-0.08586700998974799,566.962,-35.1473,383.98,-20.3545
-310.85,231.0,0.0,-0.08588512981904013,571.915,-36.9316,351.175,-4.74711
-314.76,231.0,0.0,-0.08691910449896288,590.698,-12.9241,353.026,9.93195
-318.671,231.0,0.0,-0.08960999451636746,612.28,-27.4569,375.437,14.7359
-322.581,231.0,0.0,-0.09040402450945331,624.146,-40.9597,382.48,8.20495
-326.491,231.0,0.0,-0.0918173711942398,617.009,16.5336,374.011,16.518
-330.401,231.0,0.0,-0.09450635386119258,620.135,-2.87323,375.578,2.29409
-334.311,231.0,0.0,-0.09392938034952197,627.657,16.203,398.282,-30.4331
-338.221,231.0,0.0,-0.09496011253367666,621.63,-15.5061,382.525,-9.70398
-342.131,231.0,0.0,-0.09635572085926139,646.11,-38.6566,386.258,-10.691
-346.041,231.0,0.0,-0.09672937081276971,623.283,-36.1328,384.905,-7.49409
-349.951,231.0,0.0,-0.09806127363326418,617.72,-37.2604,395.291,3.83028
-353.861,231.0,0.0,-0.1001719476432301,607.151,-29.5703,401.035,-12.4741
-357.771,231.0,0.0,-0.10131826526476408,611.133,-16.8931,378.52,4.55492
-361.681,231.0,0.0,-0.10267725246167417,657.979,6.71558,393.623,-12.4576
-365.591,231.0,0.0,-0.10353575090003099,669.754,18.9482,398.874,-7.57233
-369.501,231.0,0.0,-0.10437021672269509,648.906,28.7143,392.94,-14.3858
-373.412,231.0,0.0,-0.10563536227737644,679.594,14.2969,402.764,-4.19297
-377.322,231.0,0.0,-0.10537367379538898,674.578,-4.34706,396.384,-38.9866
-381.232,231.0,0.0,-0.10802317430798943,666.706,-20.2,411.587,-38.9553
-385.142,231.0,0.0,-0.10922957346875523,682.308,-30.8804,388.855,-45.2043
-389.052,231.0,0.0,-0.11125880361442911,713.497,-38.6829,388.243,-33.56
-392.962,231.0,0.0,-0.11301680852585652,739.16,-40.7112,413.36,-50.8929
-396.872,231.0,0.0,-0.11483928188255489,777.371,-30.9852,441.957,-55.2292
-400.782,231.0,0.0,-0.11592551796485706,787.903,26.1249,419.308,-58.6829
-404.692,231.0,0.0,-0.11696597763631596,813.911,7.83861,407.956,-49.8864
-408.602,231.0,0.0,-0.1179289988794316,815.713,-1.39175,409.967,-39.0796
-412.512,231.0,0.0,-0.12086574637007368,821.235,-12.5089,444.691,-64.3762
-416.422,231.0,0.0,-0.1214909758481749,836.917,-13.6268,452.007,-40.2398
-420.332,231.0,0.0,-0.12357838018262882,849.129,-28.9477,453.211,-69.0883
-424.242,231.0,0.0,-0.12630913382447606,901.878,-34.4518,450.699,-77.5201
-428.152,231.0,0.0,-0.1270530005006795,933.523,-22.957,465.973,-87.8249
-432.063,231.0,0.0,-0.12907307536418472,938.554,-24.6108,470.963,-122.377
-435.973,231.0,0.0,-0.1300368595474811,956.203,-18.0084,470.365,-102.882
-439.883,231.0,0.0,-0.13096917244832273,936.646,-5.10533,465.648,-83.3223
-443.793,231.0,0.0,-0.1321572610447512,969.28,-29.5736,462.86,-64.9035
-447.703,231.0,0.0,-0.1341126767279403,987.81,-8.06132,459.029,-44.3177
-451.613,231.0,0.0,-0.13661225949502898,1012.92,-14.3137,487.843,-81.7437
-455.523,231.0,0.0,-0.1382098562334597,1029.85,-32.4147,478.381,-53.8215
-459.433,231.0,0.0,-0.13998483656390814,1055.37,-31.2545,463.267,-52.2883
-463.343,231.0,0.0,-0.14313997568128173,1108.04,-44.5611,483.581,-14.3202
-467.253,231.0,0.0,-0.1428683689769449,1108.35,-12.9616,500.048,-44.0072
-471.163,231.0,0.0,-0.1455474334215483,1109.9,-10.2093,500.744,-25.3727
-475.073,231.0,0.0,-0.14663672126457333,1139.66,0.862635,492.668,-46.2793
-478.983,231.0,0.0,-0.1482251627208354,1147.78,-8.3892,498.814,-23.6493
-482.893,231.0,0.0,-0.1518435972629521,1148.15,-15.3063,503.88,-34.2488
-486.804,231.0,0.0,-0.15436988293636603,1162.88,-71.2345,511.875,-18.1488
-490.714,231.0,0.0,-0.1569091385928522,1185.4,-76.7046,511.566,-5.02408
-494.624,231.0,0.0,-0.15944019264239565,1194.63,-91.5609,519.949,11.3792
-498.534,231.0,0.0,-0.15981918317716903,1176.07,-62.6481,516.231,28.9863
-502.444,231.0,0.0,-0.16166626135469564,1157.39,-23.7885,516.885,39.7833
-506.354,231.0,0.0,-0.16272732041103402,1161.65,4.29054,526.973,32.8484
-510.264,231.0,0.0,-0.16443191950981093,1189.26,-4.00245,528.465,5.7869
-514.174,231.0,0.0,-0.1677220990391722,1200.07,-11.0582,524.134,-7.43485
-518.084,231.0,0.0,-0.16822983572944233,1192.09,-44.2014,521.622,-34.5071
-521.994,231.0,0.0,-0.17135960708580694,1182.59,-52.6415,508.438,-32.3907
-525.904,231.0,0.0,-0.1739904155639797,1172.92,-82.0126,521.403,-15.4607
-529.814,231.0,0.0,-0.17411000643730778,1157.27,-50.9973,512.858,21.9212
-533.724,231.0,0.0,-0.17658631952888446,1166.17,-70.3827,497.631,36.9504
-537.634,231.0,0.0,-0.1773256085640035,1163.18,-46.246,476.943,46.3332
-541.544,231.0,0.0,-0.17954786257539992,1145.77,-22.2744,498.156,32.1925
-545.455,231.0,0.0,-0.18292234699473092,1148.52,5.9046,520.353,26.8439
-549.365,231.0,0.0,-0.18347471568557328,1132.13,-3.21752,515.449,14.0968
-553.275,231.0,0.0,-0.18871554252199416,1137.93,-3.18514,501.121,16.9661
-557.185,231.0,0.0,-0.18939265193238444,1150.09,-10.6455,503.7,-16.7061
-561.095,231.0,0.0,-0.18965357747419115,1161.94,-29.9496,510.985,-17.3297
-565.005,231.0,0.0,-0.19444484180912192,1167.76,-40.2775,534.513,-34.3636
-568.915,231.0,0.0,-0.19483775600219347,1157.09,-65.1608,526.925,2.09625
-572.825,231.0,0.0,-0.19592685311017335,1148.95,-67.888,510.697,19.2508
-576.735,231.0,0.0,-0.2005769735116706,1137.6,-68.594,484.46,46.1289
-580.645,231.0,0.0,-0.200786782061369,1132.48,-71.616,502.21,54.8422
-584.555,231.0,0.0,-0.203195765681997,1123.98,-50.3623,496.015,58.2459
-588.465,231.0,0.0,-0.20705624299644756,1136.77,-14.3155,518.673,3.35451
-592.375,231.0,0.0,-0.20691128436211048,1126.78,-9.5046,518.633,4.86031
-596.285,231.0,0.0,-0.2103654960303269,1149.27,-16.9913,505.983,-13.5208
-600.195,231.0,0.0,-0.21053143551963377,1134.04,-39.5344,490.904,-20.5746
-604.106,231.0,0.0,-0.21133252270939132,1124.12,-47.2539,519.832,-49.8515
-608.016,231.0,0.0,-0.2132761128197792,1128.83,-67.2795,511.488,-15.0002
-611.926,231.0,0.0,-0.21468373745321032,1110.38,-68.5024,495.84,-11.2433
-615.836,231.0,0.0,-0.21685620961781465,1126.1,-108.565,518.245,13.8628
-619.746,231.0,0.0,-0.21981069546765847,1149.8,-48.3233,527.645,24.3033
-623.656,231.0,0.0,-0.22218725413060583,1148.88,-51.1625,502.279,-4.81337
-627.566,231.0,0.0,-0.22485373006222728,1126.32,-19.6501,497.986,21.7783
-631.476,231.0,0.0,-0.22645208974083877,1132.89,-38.795,510.478,-8.83346
-635.386,231.0,0.0,-0.22861311780273227,1140.15,-1.13393,517.838,-18.8079
-639.296,231.0,0.0,-0.23053954175905395,1150.01,-22.8675,521.706,-19.0872
-643.206,231.0,0.0,-0.2316744152778771,1159.26,-59.1809,520.052,-30.1877
-647.116,231.0,0.0,-0.23614524473690482,1159.2,-74.1198,503.852,-7.20017
-651.026,231.0,0.0,-0.23705123620151156,1157.06,-89.6678,499.158,11.8488
-654.936,231.0,0.0,-0.24003623965858426,1158.02,-88.8107,528.98,16.8164
-658.847,231.0,0.0,-0.24403213885511288,1155.71,-29.4392,522.539,58.4324
-662.757,231.0,0.0,-0.2423078940466824,1142.21,-29.7737,503.645,16.517
-666.667,231.0,0.0,-0.2453978017786043,1172.77,-2.08165,540.315,-2.44671
-670.577,231.0,0.0,-0.24747681377107025,1173.56,-7.61078,534.837,-27.0299
-674.487,231.0,0.0,-0.2461988889683618,1168.95,-8.54651,524.444,-39.7763
-678.397,231.0,0.0,-0.2501738073099206,1179.89,-61.4923,533.954,-57.6022
-682.307,231.0,0.0,-0.25192284767422457,1182.74,-90.7319,529.14,-19.609
-686.217,231.0,0.0,-0.2533113988031376,1183.5,-75.8294,518.093,-26.0127
-690.127,231.0,0.0,-0.2570879526977088,1185.78,-89.3106,515.252,18.2379
-694.037,231.0,0.0,-0.2555677943876213,1168.37,-92.0144,528.418,36.9071
-697.947,231.0,0.0,-0.26299692439739647,1193.26,-45.356,542.4,24.7545
-701.857,231.0,0.0,-0.2604487041937868,1202.73,10.9424,535.032,1.7762
-705.767,231.0,0.0,-0.26119638557089386,1181.29,18.792,531.569,-21.1274
-709.677,231.0,0.0,-0.267576472832177,1204.12,19.7713,547.602,-22.3919
-713.587,231.0,0.0,-0.26809336480461576,1198.39,-14.2556,523.361,-54.4702
-717.498,231.0,0.0,-0.2697737405526548,1201.68,-51.4879,514.168,-41.067
-721.408,231.0,0.0,-0.2767641799585151,1243.28,-89.2395,552.408,-42.5434
-725.318,231.0,0.0,-0.27636172901318456,1247.65,-93.0665,540.308,-41.1392
-729.228,231.0,0.0,-0.27876689793290893,1263.36,-79.7891,550.132,-17.4969
-733.138,231.0,0.0,-0.28106716257778414,1254.89,-67.0268,557.975,6.43939
-737.048,231.0,0.0,-0.2819445437856138,1260.76,-21.6202,571.932,7.45492
-740.958,231.0,0.0,-0.2852976658798846,1272.77,44.2949,575.529,-16.0654
-744.868,231.0,0.0,-0.2882864840378609,1283.94,15.9718,553.941,-53.2702
-748.778,231.0,0.0,-0.29030064611496553,1289.71,-4.3669,555.662,-51.6024
-752.688,231.0,0.0,-0.29427937915742797,1336.8,-32.4704,573.076,-86.5859
-756.598,231.0,0.0,-0.2940295162482417,1345.79,-71.644,574.742,-86.473
-760.508,231.0,0.0,-0.29565648618363016,1335.84,-112.945,574.822,-57.8735
-764.418,231.0,0.0,-0.297970102281668,1336.49,-107.258,578.504,-35.8887
-768.328,231.0,0.0,-0.29632024414085784,1320.91,-64.6197,564.272,-13.3626
-772.239,231.0,0.0,-0.3022215864387383,1357.59,-20.464,587.29,-5.98633
-776.149,231.0,0.0,-0.3020823498557566,1389.6,32.5293,568.947,-18.8351
-780.059,231.0,0.0,-0.3063262046110197,1397.73,32.3417,562.14,13.2786
-783.969,231.0,0.0,-0.3088362778055933,1412.25,-6.83256,593.04,-52.3941
-787.879,231.0,0.0,-0.31232482178194215,1449.3,-41.8657,579.83,-63.5116
-791.789,231.0,0.0,-0.3146002908709439,1459.6,-92.3368,597.121,-103.92
-795.699,231.0,0.0,-0.31495696540543117,1464.71,-131.761,595.218,-71.3833
-799.609,231.0,0.0,-0.3158324392628091,1458.41,-104.703,585.564,-73.6223
-803.519,231.0,0.0,-0.3210070810385523,1476.65,-118.245,610.149,-31.7905
-807.429,231.0,0.0,-0.323671649619722,1488.18,-44.4927,626.857,10.0638
-811.339,231.0,0.0,-0.3275759959945641,1504.92,-31.1019,616.662,26.3225
-815.249,231.0,0.0,-0.33307488734711393,1511.8,16.0695,623.449,30.6981
-819.159,231.0,0.0,-0.3333857854707579,1553.22,19.659,639.823,-16.7973
-823.069,231.0,0.0,-0.3366301885892759,1589.19,14.2077,634.865,-38.8037
-826.979,231.0,0.0,-0.339718188970746,1576.68,-41.4733,640.191,-88.2399
-830.89,231.0,0.0,-0.33916314998927116,1586.9,-85.7778,639.132,-154.572
-834.8,231.0,0.0,-0.3428138187540233,1626.2,-109.854,643.658,-120.174
-838.71,231.0,0.0,-0.3447268912571823,1633.27,-119.387,636.191,-80.732
-842.62,231.0,0.0,-0.3474772906086832,1652.55,-83.7581,651.936,-27.2127
-846.53,231.0,0.0,-0.3498729227761486,1669.17,-80.3555,626.772,-4.86796
-850.44,231.0,0.0,-0.35143695014662757,1672.5,-37.6353,623.974,2.18394
-854.35,231.0,0.0,-0.3535254988913526,1692.04,-33.0305,653.696,49.4722
-858.26,231.0,0.0,-0.3572257587678516,1690.44,-13.6407,645.629,-26.7639
-862.17,231.0,0.0,-0.3605159382972129,1688.53,-20.5408,655.96,-49.3179
-866.08,231.0,0.0,-0.363428462437117,1707.0,-37.9664,664.3,-75.9822
-869.99,231.0,0.0,-0.3663715041842501,1724.17,-77.5863,672.411,-115.109
-873.9,231.0,0.0,-0.3694537825143647,1754.71,-68.7678,656.664,-74.7251
-877.81,231.0,0.0,-0.37178647211692056,1748.35,-125.344,672.565,-38.3165
-881.72,231.0,0.0,-0.3755878215673652,1758.83,-101.177,651.16,-0.414856
-885.63,231.0,0.0,-0.38108289821901153,1758.56,-91.6489,685.107,29.9619
-889.541,231.0,0.0,-0.38185918985289563,1798.45,-74.4743,697.321,14.3189
-893.451,231.0,0.0,-0.3880313759149322,1812.79,-74.6978,704.334,-3.73695
-897.361,231.0,0.0,-0.3916381756192928,1822.66,-51.6983,695.558,-37.7809
-901.271,231.0,0.0,-0.3912662422811911,1831.27,-72.8811,682.52,-64.9586
-905.181,231.0,0.0,-0.3976634956965405,1841.59,-50.0956,684.086,-82.7528
-909.091,231.0,0.0,-0.3995708461483442,1850.91,-74.4509,699.319,-77.0336
-913.001,231.0,0.0,-0.39910545263810404,1834.08,-72.1728,684.589,-28.9729
-916.911,231.0,0.0,-0.4054035238299597,1858.4,-113.859,704.103,-13.5848
-920.821,231.0,0.0,-0.40608826264215725,1858.89,-120.657,706.993,40.5673
-924.731,231.0,0.0,-0.4088672722504351,1862.85,-121.657,698.215,12.6216
-928.641,231.0,0.0,-0.4098342989294995,1882.73,-57.7545,716.645,13.4224
-932.551,231.0,0.0,-0.41451493693822566,1890.79,-42.1503,707.026,-16.9449
-936.461,231.0,0.0,-0.41558305319123573,1890.51,-26.87,706.971,-7.10696
-940.371,231.0,0.0,-0.4146789690770808,1879.44,-21.6827,678.81,-42.9981
-944.282,231.0,0.0,-0.4222625944734521,1872.65,-38.3815,688.251,-40.0819
-948.192,231.0,0.0,-0.42451517535703215,1891.42,-102.244,719.58,-37.9565
-952.102,231.0,0.0,-0.4269298810290156,1912.81,-141.925,684.565,-16.4201
-956.012,231.0,0.0,-0.43577617242448086,1920.47,-189.365,705.732,17.8488
-959.922,231.0,0.0,-0.43803256800896456,1918.22,-170.473,709.0,37.827
-963.832,231.0,0.0,-0.4402737047898338,1935.87,-110.839,714.745,20.727
-967.742,231.0,0.0,-0.4452213718618125,1945.77,-64.357,720.391,48.8946
-971.652,231.0,0.0,-0.45016522423288746,1941.5,-23.6033,741.397,2.17846
-975.562,231.0,0.0,-0.4482120973702406,1922.96,-26.571,722.245,-6.53976
-979.472,231.0,0.0,-0.4541687528312233,1976.49,-28.4527,700.982,-25.3571
-983.382,231.0,0.0,-0.4570869990224829,1985.3,-89.8305,731.331,-23.9294
-987.292,231.0,0.0,-0.4625324845623823,2018.62,-135.175,739.438,-4.64059
-991.202,231.0,0.0,-0.46705099778270515,2012.39,-223.33,715.307,-38.0156
-995.112,231.0,0.0,-0.46807905967622726,2002.26,-189.009,761.785,24.6529
-999.022,231.0,0.0,-0.4717163769878168,2004.09,-165.425,740.235,32.5396
-1002.93,231.0,0.0,-0.4752182724173282,1990.69,-96.8564,754.84,85.3691
-1006.84,231.0,0.0,-0.47508857258660564,2023.45,-58.8097,742.972,84.3267
-1010.75,231.0,0.0,-0.4796204372600911,2032.92,-13.2059,748.683,74.041
-1014.66,231.0,0.0,-0.47949264477982023,2041.02,-43.4835,764.945,55.5083
-1018.57,231.0,0.0,-0.4838166082540591,2043.82,-45.9936,763.032,-21.468
-1022.48,231.0,0.0,-0.48552368690842335,2047.17,-94.2649,744.266,-92.1637
-1026.39,231.0,0.0,-0.4907631785995279,2036.61,-138.94,743.049,-97.6401
-1030.3,231.0,0.0,-0.4953389123334049,2077.07,-102.125,753.108,-72.6077
-1034.21,231.0,0.0,-0.49823617766969464,2076.95,-122.416,761.611,-20.2092
-1038.12,231.0,0.0,-0.5031094580740529,2099.79,-48.04,787.307,-0.204674
-1042.03,231.0,0.0,-0.5053448728035668,2120.02,-58.2575,779.907,-14.5511
-1045.94,231.0,0.0,-0.5103573897909067,2149.22,-56.5196,766.547,-31.7202
-1049.85,231.0,0.0,-0.5159669074696612,2152.5,-111.331,743.196,-64.9692
-1053.76,231.0,0.0,-0.5207162100946523,2154.13,-153.804,786.53,-64.3777
-1057.67,231.0,0.0,-0.5256543404143719,2216.17,-148.958,775.264,-27.1845
-1061.58,231.0,0.0,-0.5256257301575948,2197.16,-110.595,768.698,-14.9508
-1065.49,231.0,0.0,-0.5304799370574351,2197.58,-58.5766,763.574,-10.1289
-1069.4,231.0,0.0,-0.5352044441265527,2247.74,-25.3289,763.57,-70.592
-1073.31,231.0,0.0,-0.5344357818944758,2212.77,-46.8873,764.732,-64.8499
-1077.22,231.0,0.0,-0.544575256896264,2247.23,-66.5351,802.835,-116.974
-1081.13,231.0,0.0,-0.5445771642467158,2269.57,-75.8648,811.688,-79.7911
-1085.04,231.0,0.0,-0.5477776983048422,2283.26,-116.463,804.775,-73.0626
-1088.95,231.0,0.0,-0.5531774074338984,2312.83,-182.978,802.335,-76.7702
-1092.86,231.0,0.0,-0.5524602436640202,2307.68,-138.466,797.669,-37.3187
-1096.77,231.0,0.0,-0.5574327062918722,2323.96,-166.358,794.731,-40.3222
-1100.68,231.0,0.0,-0.5603452304317764,2337.43,-92.5064,805.235,-17.9626
-1104.59,231.0,0.0,-0.5625081658441218,2336.28,-50.2596,807.399,-26.0567
-1108.5,231.0,0.0,-0.5726514555468135,2373.4,-62.1718,827.711,-72.0554
-1112.41,231.0,0.0,-0.5747342822401831,2424.67,-13.5739,836.463,-105.028
-1116.32,231.0,0.0,-0.5769525308156308,2431.35,-101.48,814.874,-122.286
-1120.23,231.0,0.0,-0.5853505948549221,2428.1,-133.022,838.357,-88.7498
-1124.14,231.0,0.0,-0.583992561333238,2426.26,-199.435,833.324,-47.5319
-1128.05,231.0,0.0,-0.5918718260496387,2483.55,-201.896,870.332,23.65
-1131.96,231.0,0.0,-0.5962396585842691,2489.07,-237.088,851.448,27.1046
-1135.87,231.0,0.0,-0.5978799799728203,2512.76,-142.395,865.547,77.3839
-1139.78,231.0,0.0,-0.603293040555039,2538.9,-111.634,869.183,23.4191
-1143.7,231.0,0.0,-0.610752688172043,2576.81,-50.1291,894.587,4.4901
-1147.61,231.0,0.0,-0.6131979114512552,2546.93,-24.8431,876.31,-33.1217
-1151.52,231.0,0.0,-0.6196809956369358,2585.94,-76.5422,897.306,-89.9191
-1155.43,231.0,0.0,-0.6227442004625325,2587.0,-114.067,870.139,-110.214
-1159.34,231.0,0.0,-0.6221910688315094,2588.52,-182.108,868.333,-74.3796
-1163.25,231.0,0.0,-0.6258589037503278,2596.51,-207.913,891.965,-89.3707
-1167.16,231.0,0.0,-0.6299387263667359,2608.2,-236.422,881.214,16.3013
-1171.07,231.0,0.0,-0.6342130987292277,2628.84,-172.806,908.319,1.79153
-1174.98,231.0,0.0,-0.6354357103688338,2626.9,-129.132,901.745,32.3085
-1178.89,231.0,0.0,-0.6386610399828337,2667.94,-64.3719,906.642,25.062
-1182.8,231.0,0.0,-0.644915242114298,2679.83,-19.5319,902.224,-9.65317
-1186.71,231.0,0.0,-0.6504084114154924,2693.05,27.4749,930.472,-35.9431
-1190.62,231.0,0.0,-0.6521803399852181,2737.31,-37.4857,912.192,-89.0202
-1194.53,231.0,0.0,-0.6579004839901772,2744.53,-7.35426,932.493,-145.327
-1198.44,231.0,0.0,-0.6635061869680281,2753.47,-150.663,923.559,-117.701
-1202.35,231.0,0.0,-0.666052499821186,2775.15,-147.115,913.872,-123.865
-1206.26,231.0,0.0,-0.6749560117302053,2796.87,-165.05,949.935,-119.773
-1210.17,231.0,0.0,-0.6808783348830555,2835.24,-185.884,958.413,-118.093
-1214.08,231.0,0.0,-0.6827494456762749,2828.03,-173.945,930.055,-98.4637
-1217.99,231.0,0.0,-0.6887232672913239,2831.53,-142.296,929.447,-30.0157
-1221.9,231.0,0.0,-0.6924292492191784,2875.25,-218.511,974.226,-97.8911
-1225.81,231.0,0.0,-0.6963393176453758,2896.53,-148.092,957.208,-65.539
-1229.72,231.0,0.0,-0.7018839854087691,2899.02,-155.539,931.059,-60.6988
-1233.63,231.0,0.0,-0.7068888729943018,2919.4,-110.735,929.397,-49.8864
-1237.54,231.0,0.0,-0.7121207352835991,2918.22,-97.3294,968.137,-46.1347
-1241.45,231.0,0.0,-0.7204978184679208,2960.01,-88.5322,965.396,-102.877
-1245.36,231.0,0.0,-0.7254454855398993,2982.7,-117.74,991.74,-103.256
-1249.27,231.0,0.0,-0.7289187707126339,3007.26,-151.686,1002.6,-120.529
-1253.18,231.0,0.0,-0.7324874234079585,2993.32,-180.213,971.138,-183.57
-1257.09,231.0,0.0,-0.7354876856686455,3011.48,-201.277,980.627,-74.7223
-1261.0,231.0,0.0,-0.7367789619245166,3016.5,-233.402,984.346,-98.3013
-1264.91,231.0,0.0,-0.7454001859666691,3022.94,-176.95,991.955,22.4771
-1268.82,231.0,0.0,-0.7452552273323321,3020.47,-183.286,993.154,-1.77213
-1272.73,231.0,0.0,-0.7547977016427055,3061.32,-76.6257,1018.31,-8.40125
-1276.64,231.0,0.0,-0.7615840545502229,3082.37,6.42216,1012.82,-45.7202
-1280.55,231.0,0.0,-0.7658679636649739,3088.84,-67.2779,1036.35,-34.3093
-1284.46,231.0,0.0,-0.772084018787402,3151.16,-77.5086,1022.11,-146.95
-1288.37,231.0,0.0,-0.7736804711155616,3152.34,-228.724,1025.39,-120.638
-1292.28,231.0,0.0,-0.7732360584602914,3107.66,-241.994,1015.48,-155.74
-1296.19,231.0,0.0,-0.7881133919843598,3159.94,-300.872,1016.93,-84.937
-1300.1,231.0,0.0,-0.7905471711608612,3176.77,-293.781,1013.08,-24.239
-1304.01,231.0,0.0,-0.8009059914646067,3168.55,-240.48,1027.24,82.6976
-1307.92,231.0,0.0,-0.8078907088191116,3232.31,-86.16,1082.02,73.895
-1311.83,231.0,0.0,-0.8074195932575161,3248.89,-169.513,1071.57,61.8853
-1315.74,231.0,0.0,-0.8149955892520802,3217.21,-10.6662,1065.76,2.80811
-1319.65,231.0,0.0,-0.8160770569582529,3242.12,-100.903,1074.62,-112.24
-1323.56,231.0,0.0,-0.8196323582004149,3265.73,-89.8295,1071.4,-173.416
-1327.47,231.0,0.0,-0.8290928164413609,3266.66,-194.689,1080.4,-266.288
-1331.38,231.0,0.0,-0.828556850964404,3263.9,-210.267,1067.48,-133.23
-1335.29,231.0,0.0,-0.8377102257826097,3303.44,-307.705,1065.65,-86.2439
-1339.2,231.0,0.0,-0.844185680566483,3312.04,-310.093,1068.01,39.6941
-1343.11,231.0,0.0,-0.8419636172901318,3289.87,-299.482,1080.21,142.834
-1347.02,231.0,0.0,-0.8507450587702358,3334.9,-224.429,1093.08,258.269
-1350.93,231.0,0.0,-0.8572052547504947,3329.65,-142.202,1074.29,205.77
-1354.84,231.0,0.0,-0.8567837303006461,3308.58,-92.2769,1090.16,107.384
-1358.75,231.0,0.0,-0.8704289154328494,3349.69,31.4335,1090.5,-79.1224
-1362.66,231.0,0.0,-0.8737171876117589,3383.67,-7.17813,1057.14,-138.35
-1366.57,231.0,0.0,-0.8781231671554253,3400.24,-119.423,1090.81,-230.27
-1370.48,231.0,0.0,-0.8915432849343157,3426.05,-193.269,1111.12,-216.132
-1374.39,231.0,0.0,-0.8892811672984765,3421.92,-370.54,1074.7,-94.5381
-1378.3,231.0,0.0,-0.8939999523162387,3406.79,-440.969,1098.61,85.6842
-1382.21,231.0,0.0,-0.9017647760055314,3429.7,-455.023,1113.51,146.555
-1386.12,231.0,0.0,-0.9081505853181698,3404.95,-373.805,1097.28,253.793
-1390.03,231.0,0.0,-0.9125947118708723,3418.61,-151.5,1120.86,140.106
-1393.94,231.0,0.0,-0.9247521636506687,3495.72,-41.8009,1119.46,143.468
-1397.85,231.0,0.0,-0.9269494313711466,3495.82,51.6327,1144.22,-101.158
-1401.76,231.0,0.0,-0.9336366020551702,3457.03,16.4123,1156.74,-130.867
-1405.67,231.0,0.0,-0.9397858999117851,3540.53,-53.8145,1149.24,-230.339
-1409.58,231.0,0.0,-0.9437436520992777,3515.05,-284.621,1106.08,-201.288
-1413.49,231.0,0.0,-0.9422311231909973,3497.0,-331.48,1132.66,-120.248
-1417.4,231.0,0.0,-0.943913406289488,3495.88,-506.708,1146.53,2.0519
-1421.31,231.0,0.0,-0.9563149989271154,3491.66,-405.517,1128.86,99.245
-1425.22,231.0,0.0,-0.9544305366807333,3484.08,-384.379,1107.3,167.037
-1429.13,231.0,0.0,-0.9682721789094725,3524.55,-182.182,1151.81,120.499
-1433.04,231.0,0.0,-0.9755716090885249,3524.36,-116.232,1151.81,114.004
-1436.95,231.0,0.0,-0.9770879526977088,3487.63,-12.7369,1179.38,51.42
-1440.86,231.0,0.0,-0.9920034332308132,3552.27,-48.2447,1174.74,-129.621
-1444.77,231.0,0.0,-0.9887761962663616,3535.09,-74.0285,1143.26,-52.3766
-1448.68,231.0,0.0,-0.9940881672746347,3519.92,-229.577,1152.03,-181.824
-1452.59,231.0,0.0,-1.000020027179744,3536.82,-304.706,1141.76,-81.5606
-1456.5,231.0,0.0,-0.9980707150180006,3514.89,-406.045,1136.74,-104.991
-1460.41,231.0,0.0,-1.0124597668264073,3525.15,-439.74,1143.21,6.03251
-1464.32,231.0,0.0,-1.0256986863123763,3593.79,-286.089,1178.79,8.18777
-1468.23,231.0,0.0,-1.0358553274682307,3609.7,-279.932,1173.37,125.953
-1472.14,231.0,0.0,-1.043234866366259,3599.43,-91.0047,1182.17,46.1011
-1476.05,231.0,0.0,-1.0466680971795055,3586.83,-166.789,1203.0,56.1373
-1479.96,231.0,0.0,-1.0502043249171495,3601.79,-76.2605,1165.15,-56.6769
-1483.87,231.0,0.0,-1.052735378966693,3617.52,-170.739,1158.96,-62.3382
-1487.78,231.0,0.0,-1.0505667215029921,3598.23,-230.483,1176.8,-127.945
-1491.69,231.0,0.0,-1.05824189972105,3586.78,-301.834,1176.68,-136.881
-1495.6,231.0,0.0,-1.0580034809145746,3547.86,-294.34,1165.0,-84.4893
-1499.51,231.0,0.0,-1.082963068926877,3633.95,-287.187,1209.92,-77.9473
-1503.42,231.0,0.0,-1.0902739432086404,3696.18,-182.374,1188.03,32.8188
-1507.33,231.0,0.0,-1.084836087070548,3660.62,-287.547,1171.99,-6.69275
-1511.24,231.0,0.0,-1.0996771809360322,3687.84,-103.175,1247.8,-62.5612
-1515.15,231.0,0.0,-1.0914126314283672,3671.02,-230.02,1178.31,-39.9247
-1519.06,231.0,0.0,-1.0955191569511002,3662.34,-147.283,1199.93,-149.133
-1522.97,231.0,0.0,-1.0992709152897981,3653.55,-131.674,1223.64,-130.852
-1526.88,231.0,0.0,-1.1023989700307562,3701.0,-266.786,1224.62,-156.635
-1530.79,231.0,0.0,-1.1143370765085951,3729.08,-225.441,1189.92,-164.436
-1534.7,231.0,0.0,-1.1315242114297976,3720.06,-292.999,1242.12,-3.67421
-1538.61,231.0,0.0,-1.1339637126576545,3738.82,-363.477,1226.32,-65.9617
-1542.52,231.0,0.0,-1.1497584817490405,3790.14,-286.472,1248.58,55.4124
-1546.43,231.0,0.0,-1.1392299072550842,3790.97,-327.029,1225.38,5.16881
-1550.34,231.0,0.0,-1.1533481152993348,3777.24,-167.65,1256.11,-44.096
-1554.25,231.0,0.0,-1.1540633717187612,3766.52,-166.396,1234.29,-19.29
-1558.16,231.0,0.0,-1.1564189495267387,3778.99,-128.054,1242.4,-28.8732
-1562.07,231.0,0.0,-1.1677962949717473,3824.82,-107.985,1262.59,-126.969
-1565.98,231.0,0.0,-1.1732742054693275,3821.12,-226.174,1237.19,-13.1293
-1569.89,231.0,0.0,-1.19011229525785,3838.02,-338.862,1226.31,-150.817
-1573.8,231.0,0.0,-1.1928092887967003,3868.52,-428.001,1236.94,22.376
-1577.71,231.0,0.0,-1.1983272536537684,3879.93,-399.372,1273.14,-21.4567
-1581.62,231.0,0.0,-1.2003757480390052,3861.54,-407.161,1269.37,0.840832
-1585.53,231.0,0.0,-1.1965019192713922,3848.72,-256.321,1265.85,33.4178
-1589.44,231.0,0.0,-1.2086765372052548,3851.28,-185.503,1270.26,-23.8271
-1593.35,231.0,0.0,-1.2137519967575043,3902.64,-57.9782,1313.5,-29.2598
-1597.26,231.0,0.0,-1.2148067615573517,3921.01,-96.4782,1292.14,-3.48366
-1601.17,231.0,0.0,-1.2332336742722265,3934.68,-112.525,1302.34,-51.4868
-1605.08,231.0,0.0,-1.2346355768543023,3911.39,-187.455,1305.74,-53.25
-1608.99,231.0,0.0,-1.2415382781393798,3914.17,-311.519,1296.1,-9.73148
-1612.9,231.0,0.0,-1.251811267672794,3957.92,-347.528,1288.84,-66.0849
-1616.81,231.0,0.0,-1.250975848174904,3944.38,-361.291,1300.54,59.6348
-1620.72,231.0,0.0,-1.266507402903941,3945.07,-401.55,1295.15,-4.16712
-1624.63,231.0,0.0,-1.270724554752879,3976.67,-218.345,1304.65,56.9732
-1628.54,231.0,0.0,-1.273452065898958,3984.57,-137.725,1317.84,66.5932
-1632.45,231.0,0.0,-1.282069475240207,3971.6,-131.26,1311.4,114.724
-1636.36,231.0,0.0,-1.2892430202894403,3994.15,-25.5597,1333.26,43.1515
-1640.27,231.0,0.0,-1.2869847173545048,3975.24,-102.838,1325.94,105.588
-1644.18,231.0,0.0,-1.3097966287580765,4004.18,-51.8699,1319.32,-7.80406
-1648.09,231.0,0.0,-1.3074467730014545,4035.82,-104.859,1300.51,27.8698
-1652.0,231.0,0.0,-1.3193028634098656,4037.36,-228.819,1322.9,-148.2
-1655.91,231.0,0.0,-1.3262418043535273,4046.74,-214.752,1319.06,-119.309
-1659.82,231.0,0.0,-1.3259938487947929,4020.86,-276.167,1322.47,-72.5143
-1663.73,231.0,0.0,-1.3368905419259471,4070.17,-387.412,1342.91,0.687607
-1667.64,231.0,0.0,-1.3400605583768448,4064.26,-233.856,1352.56,149.233
-1671.55,231.0,0.0,-1.3448193977540948,4033.66,-192.808,1340.88,154.492
-1675.46,231.0,0.0,-1.349704122261164,4040.97,-101.47,1374.43,-3.9369
-1679.37,231.0,0.0,-1.3555959278067853,4059.06,-78.0601,1361.1,-70.6433
-1683.28,231.0,0.0,-1.3608296974465346,4086.06,-167.895,1342.89,-235.164
-1687.19,231.0,0.0,-1.3689130486612784,4054.43,-206.36,1350.1,-212.941
-1691.1,231.0,0.0,-1.3775361800538826,4075.54,-311.732,1323.86,-161.294
-1695.01,231.0,0.0,-1.3883680232696753,4093.33,-386.487,1325.16,-47.6852
-1698.92,231.0,0.0,-1.394259828815297,4108.99,-326.123,1367.46,-18.0176
-1702.83,231.0,0.0,-1.4063276351238585,4135.77,-254.17,1345.2,34.1012
-1706.74,231.0,0.0,-1.4105047326133084,4156.31,-153.916,1351.09,-5.29359
-1710.65,231.0,0.0,-1.4053548863934386,4137.56,-189.51,1398.11,-164.092
-1714.57,231.0,0.0,-1.422204420284672,4152.35,-88.866,1396.02,-261.544
-1718.48,231.0,0.0,-1.4308904942421858,4193.77,-339.146,1361.99,-276.039
-1722.39,231.0,0.0,-1.433249886751067,4161.69,-425.918,1395.45,-272.388
-1726.3,231.0,0.0,-1.4517206685263333,4209.42,-478.878,1378.8,-125.971
-1730.21,231.0,0.0,-1.4532675297427462,4195.45,-428.034,1382.93,36.3606
-1734.12,231.0,0.0,-1.457612474071955,4169.86,-238.218,1376.27,107.53
-1738.03,231.0,0.0,-1.4699396800419617,4248.99,-188.024,1414.9,201.631
-1741.94,231.0,0.0,-1.4664930977755524,4211.2,-117.882,1393.97,-21.8711
-1745.85,231.0,0.0,-1.4756178623369811,4209.96,-44.3895,1401.09,6.79619
-1749.76,231.0,0.0,-1.475223040793458,4254.39,-209.449,1395.93,-245.237
-1753.67,231.0,0.0,-1.4705176072288582,4221.02,-210.566,1383.68,-295.08
-1757.58,231.0,0.0,-1.493577474191164,4254.9,-312.821,1403.99,-320.403
-1761.49,231.0,0.0,-1.4925455975967385,4274.1,-413.847,1423.37,-229.831
-1765.4,231.0,0.0,-1.499320506401545,4285.16,-357.512,1393.61,-144.741
-1769.31,231.0,0.0,-1.526023412726796,4337.11,-525.162,1424.5,56.8924
-1773.22,231.0,0.0,-1.5218787401950264,4349.38,-407.903,1447.56,-53.4325
-1777.13,231.0,0.0,-1.5306277567174498,4335.7,-470.899,1416.9,223.58
-1781.04,231.0,0.0,-1.5415969291657725,4390.24,-339.647,1437.75,27.9944
-1784.95,231.0,0.0,-1.5311675368953102,4392.65,-251.306,1449.43,111.105
-1788.86,231.0,0.0,-1.5459781131535655,4401.47,-254.436,1445.6,-81.5841
-1792.77,231.0,0.0,-1.5545173211262904,4413.89,-252.386,1419.31,-249.389
-1796.68,231.0,0.0,-1.5621333714803423,4449.43,-120.072,1483.3,-394.062
-1800.59,231.0,0.0,-1.575822425672937,4484.52,-365.686,1481.07,-346.786
-1804.5,231.0,0.0,-1.5877300145435471,4509.24,-228.053,1498.39,-400.619
-1808.41,231.0,0.0,-1.596862408506783,4491.61,-474.018,1474.31,-142.512
-1812.32,231.0,0.0,-1.6087852561810077,4540.12,-432.943,1478.37,-140.779
-1816.23,231.0,0.0,-1.6116481892091647,4547.72,-467.722,1486.04,40.6141
-1820.14,231.0,0.0,-1.6022220632763513,4495.2,-390.537,1481.93,129.35
-1824.05,231.0,0.0,-1.6133876928212096,4536.78,-268.304,1464.53,92.6339
-1827.96,231.0,0.0,-1.6103321173974203,4506.01,-63.5567,1476.92,175.905
-1831.87,231.0,0.0,-1.6325355840068665,4544.54,-27.9321,1497.2,71.4126
-1835.78,231.0,0.0,-1.6472393486398207,4590.19,100.599,1542.37,150.47
-1839.69,231.0,0.0,-1.6436420856877192,4552.04,-170.305,1510.02,-72.4587
-1843.6,231.0,0.0,-1.6524101757146605,4558.92,-311.071,1487.19,-90.0722
-1847.51,231.0,0.0,-1.6586567484443173,4596.69,-500.871,1456.3,-244.288
-1851.42,231.0,0.0,-1.6565834585032069,4568.56,-535.508,1508.59,-41.2925
-1855.33,231.0,0.0,-1.661924039768257,4554.58,-612.89,1494.0,-0.539673
-1859.24,231.0,0.0,-1.6790901938344898,4611.5,-466.523,1467.45,215.698
-1863.15,231.0,0.0,-1.679601363755573,4574.34,-177.585,1480.51,213.57
-1867.06,231.0,0.0,-1.6864048828171567,4569.53,-142.956,1514.29,296.267
-1870.97,231.0,0.0,-1.7121007081038553,4628.87,-4.10452,1516.25,-25.7497
-1874.88,231.0,0.0,-1.730306368166321,4625.88,-123.866,1517.72,59.1974
-1878.79,231.0,0.0,-1.719640464439835,4616.01,-297.995,1482.55,-198.97
-1882.7,231.0,0.0,-1.742332212764943,4674.21,-431.657,1516.14,-69.217
-1886.61,231.0,0.0,-1.7212731564265789,4630.15,-557.727,1480.49,-177.506
-1890.52,231.0,0.0,-1.74653792051117,4625.34,-465.602,1546.03,-82.8415
-1894.43,231.0,0.0,-1.7459905109315024,4603.24,-384.0,1502.73,28.6396
-1898.34,231.0,0.0,-1.7614610304460816,4633.97,-500.177,1482.34,248.16
-1902.25,231.0,0.0,-1.7497689721765253,4635.55,-321.541,1458.48,304.955
-1906.16,231.0,0.0,-1.7820375271201392,4704.26,-443.196,1553.77,304.847
-1910.07,231.0,0.0,-1.7680986100183582,4639.19,-196.952,1522.84,235.015
-1913.98,231.0,0.0,-1.7886331449824762,4640.46,-337.594,1506.64,271.271
-1917.89,231.0,0.0,-1.7933519300002383,4702.99,-348.003,1518.69,-33.3432
-1921.8,231.0,0.0,-1.7957132298595713,4690.27,-259.605,1522.53,-32.7225
-1925.71,231.0,0.0,-1.8019502658369693,4677.6,-373.701,1532.5,0.248619
-1929.62,231.0,0.0,-1.8187845409245882,4709.45,-269.366,1514.37,-105.708
-1933.53,231.0,0.0,-1.8137701165867963,4702.41,-345.782,1484.91,167.624
-1937.44,231.0,0.0,-1.8439062537252937,4735.77,-481.477,1527.45,-78.4553
-1941.35,231.0,0.0,-1.8394678492239467,4763.88,-299.363,1539.59,93.2446
-1945.26,231.0,0.0,-1.8442057077462268,4728.77,-600.754,1515.6,47.5313
-1949.17,231.0,0.0,-1.8712176048446703,4753.0,-478.576,1549.34,-92.6925
-1953.08,231.0,0.0,-1.861554967455833,4771.93,-489.442,1537.61,150.728
-1956.99,231.0,0.0,-1.8755720859261378,4809.31,-711.293,1546.39,80.6834
-1960.9,231.0,0.0,-1.8944891877071264,4854.05,-347.906,1582.9,70.0783
-1964.81,231.0,0.0,-1.8925932813580335,4832.62,-531.227,1559.28,306.052
-1968.72,231.0,0.0,-1.908800038147009,4828.1,-392.192,1577.73,-34.9493
-1972.63,231.0,0.0,-1.9314975085234722,4906.85,-348.882,1566.42,211.869
-1976.54,231.0,0.0,-1.9116038433111604,4914.06,-450.022,1578.71,-145.564
-1980.45,231.0,0.0,-1.9159716758457908,4859.62,-375.611,1566.79,-259.356
-1984.36,231.0,0.0,-1.9240397682569201,4850.33,-534.419,1566.65,-143.696
-1988.27,231.0,0.0,-1.9134158262403738,4869.57,-681.193,1530.78,-328.943
-1992.18,231.0,0.0,-1.9471568557327803,4912.11,-560.349,1563.64,92.6578
-1996.09,231.0,0.0,-1.9517344968171089,4939.32,-805.142,1561.3,110.986
-2000.0,231.0,0.0,-1.9587153994707103,4901.35,-418.184,1588.0,265.28
